[31-Aug-2026 11:01:31 Asia/Kolkata] Database connection failed: SQLSTATE[HY000] [1045] Access denied for user 'root'@'localhost' (using password: NO)
[31-Aug-2026 11:01:31 Asia/Kolkata] Tournament DB Error: Database connection failed. Please try again later.
[31-Aug-2026 11:01:31 Asia/Kolkata] Database connection failed: SQLSTATE[HY000] [1045] Access denied for user 'root'@'localhost' (using password: NO)
[31-Aug-2026 11:02:08 Asia/Kolkata] Database connection failed: SQLSTATE[HY000] [1045] Access denied for user 'root'@'localhost' (using password: NO)
[31-Aug-2026 11:02:08 Asia/Kolkata] Auth Register PDO error: Database connection failed. Please try again later.
[31-Aug-2026 11:02:24 Asia/Kolkata] Database connection failed: SQLSTATE[HY000] [1045] Access denied for user 'root'@'localhost' (using password: NO)
[31-Aug-2026 11:02:24 Asia/Kolkata] Auth Register PDO error: Database connection failed. Please try again later.
[31-Aug-2026 11:02:25 Asia/Kolkata] Database connection failed: SQLSTATE[HY000] [1045] Access denied for user 'root'@'localhost' (using password: NO)
[31-Aug-2026 11:02:25 Asia/Kolkata] Auth Register PDO error: Database connection failed. Please try again later.
[31-Aug-2026 11:07:49 Asia/Kolkata] Database connection failed: SQLSTATE[HY000] [1045] Access denied for user 'root'@'localhost' (using password: NO)
[31-Aug-2026 11:07:49 Asia/Kolkata] Auth Register PDO error: Database connection failed. Please try again later.
[31-Aug-2026 11:07:53 Asia/Kolkata] Database connection failed: SQLSTATE[HY000] [1045] Access denied for user 'root'@'localhost' (using password: NO)
[31-Aug-2026 11:07:53 Asia/Kolkata] Auth Register PDO error: Database connection failed. Please try again later.
[31-Aug-2026 13:06:15 Asia/Kolkata] Database connection failed: SQLSTATE[HY000] [1045] Access denied for user 'root'@'localhost' (using password: YES)
[31-Aug-2026 13:06:15 Asia/Kolkata] Database connection failed: SQLSTATE[HY000] [1045] Access denied for user 'root'@'localhost' (using password: YES)
[31-Aug-2026 13:06:15 Asia/Kolkata] Tournament DB Error: Database connection failed: SQLSTATE[HY000] [1045] Access denied for user 'root'@'localhost' (using password: YES)
[31-Aug-2026 13:06:17 Asia/Kolkata] Database connection failed: SQLSTATE[HY000] [1045] Access denied for user 'root'@'localhost' (using password: YES)
[31-Aug-2026 13:06:17 Asia/Kolkata] Database connection failed: SQLSTATE[HY000] [1045] Access denied for user 'root'@'localhost' (using password: YES)
[31-Aug-2026 13:06:17 Asia/Kolkata] Tournament DB Error: Database connection failed: SQLSTATE[HY000] [1045] Access denied for user 'root'@'localhost' (using password: YES)
[31-Aug-2026 13:06:18 Asia/Kolkata] Database connection failed: SQLSTATE[HY000] [1045] Access denied for user 'root'@'localhost' (using password: YES)
[31-Aug-2026 13:06:18 Asia/Kolkata] Database connection failed: SQLSTATE[HY000] [1045] Access denied for user 'root'@'localhost' (using password: YES)
[31-Aug-2026 13:06:18 Asia/Kolkata] Tournament DB Error: Database connection failed: SQLSTATE[HY000] [1045] Access denied for user 'root'@'localhost' (using password: YES)
[31-Aug-2026 13:06:19 Asia/Kolkata] Database connection failed: SQLSTATE[HY000] [1045] Access denied for user 'root'@'localhost' (using password: YES)
[31-Aug-2026 13:06:19 Asia/Kolkata] Tournament DB Error: Database connection failed: SQLSTATE[HY000] [1045] Access denied for user 'root'@'localhost' (using password: YES)
[31-Aug-2026 13:06:19 Asia/Kolkata] Database connection failed: SQLSTATE[HY000] [1045] Access denied for user 'root'@'localhost' (using password: YES)
[31-Aug-2026 13:06:19 Asia/Kolkata] Database connection failed: SQLSTATE[HY000] [1045] Access denied for user 'root'@'localhost' (using password: YES)
[31-Aug-2026 13:06:19 Asia/Kolkata] Tournament DB Error: Database connection failed: SQLSTATE[HY000] [1045] Access denied for user 'root'@'localhost' (using password: YES)
[31-Aug-2026 13:06:19 Asia/Kolkata] Database connection failed: SQLSTATE[HY000] [1045] Access denied for user 'root'@'localhost' (using password: YES)
[31-Aug-2026 13:07:15 Asia/Kolkata] Database connection failed: SQLSTATE[HY000] [1045] Access denied for user 'root'@'localhost' (using password: YES)
[31-Aug-2026 13:07:15 Asia/Kolkata] Auth Register PDO error: Database connection failed: SQLSTATE[HY000] [1045] Access denied for user 'root'@'localhost' (using password: YES)
[31-Aug-2026 13:08:05 Asia/Kolkata] Database connection failed: SQLSTATE[HY000] [1045] Access denied for user 'root'@'localhost' (using password: YES)
[31-Aug-2026 13:08:05 Asia/Kolkata] Tournament DB Error: Database connection failed: SQLSTATE[HY000] [1045] Access denied for user 'root'@'localhost' (using password: YES)
[31-Aug-2026 13:08:05 Asia/Kolkata] Database connection failed: SQLSTATE[HY000] [1045] Access denied for user 'root'@'localhost' (using password: YES)
[31-Aug-2026 13:08:32 Asia/Kolkata] Database connection failed: SQLSTATE[HY000] [1045] Access denied for user 'root'@'localhost' (using password: YES)
[31-Aug-2026 13:08:32 Asia/Kolkata] Auth Register PDO error: Database connection failed: SQLSTATE[HY000] [1045] Access denied for user 'root'@'localhost' (using password: YES)
[31-Aug-2026 15:08:24 Asia/Kolkata] Database connection failed: SQLSTATE[HY000] [1045] Access denied for user 'root'@'localhost' (using password: YES)
[31-Aug-2026 15:08:24 Asia/Kolkata] Tournament DB Error: Database connection failed: SQLSTATE[HY000] [1045] Access denied for user 'root'@'localhost' (using password: YES)
[31-Aug-2026 15:08:24 Asia/Kolkata] Database connection failed: SQLSTATE[HY000] [1045] Access denied for user 'root'@'localhost' (using password: YES)
[31-Aug-2026 16:12:49 Asia/Kolkata] Auth Register PDO error: SQLSTATE[HY093]: Invalid parameter number
[31-Aug-2026 16:14:03 Asia/Kolkata] Auth Register PDO error: SQLSTATE[HY093]: Invalid parameter number
[31-Aug-2026 16:45:42 Asia/Kolkata] Connecting to DB: localhost/ludo_tournament with user: ludo_user
[31-Aug-2026 16:46:14 Asia/Kolkata] Connecting to DB: localhost/ludo_tournament with user: ludo_user
[31-Aug-2026 16:48:34 Asia/Kolkata] Connecting to DB: localhost/ludo_tournament with user: ludo_user
[31-Aug-2026 16:48:57 Asia/Kolkata] Connecting to DB: localhost/ludo_tournament with user: ludo_user
[31-Aug-2026 16:50:15 Asia/Kolkata] Connecting to DB: localhost/ludo_tournament with user: ludo_user
[31-Aug-2026 16:50:38 Asia/Kolkata] Connecting to DB: localhost/ludo_tournament with user: ludo_user
[31-Aug-2026 16:50:38 Asia/Kolkata] Auth Register PDO error: SQLSTATE[HY093]: Invalid parameter number
[31-Aug-2026 16:51:17 Asia/Kolkata] Connecting to DB: localhost/ludo_tournament with user: ludo_user
[31-Aug-2026 16:54:07 Asia/Kolkata] Connecting to DB: localhost/ludo_tournament with user: ludo_user
[31-Aug-2026 16:54:30 Asia/Kolkata] Connecting to DB: localhost/ludo_tournament with user: ludo_user
[31-Aug-2026 16:54:31 Asia/Kolkata] Auth Register PDO error: SQLSTATE[42S22]: Column not found: 1054 Unknown column 'password' in 'field list'
[31-Aug-2026 16:56:31 Asia/Kolkata] Connecting to DB: localhost/ludo_tournament with user: ludo_user
[31-Aug-2026 16:56:54 Asia/Kolkata] Connecting to DB: localhost/ludo_tournament with user: ludo_user
[31-Aug-2026 16:56:54 Asia/Kolkata] Auth Register PDO error: SQLSTATE[HY093]: Invalid parameter number
[31-Aug-2026 16:59:14 Asia/Kolkata] Connecting to DB: localhost/ludo_tournament with user: ludo_user
[31-Aug-2026 16:59:20 Asia/Kolkata] Connecting to DB: localhost/ludo_tournament with user: ludo_user
[31-Aug-2026 16:59:25 Asia/Kolkata] Connecting to DB: localhost/ludo_tournament with user: ludo_user
[31-Aug-2026 16:59:46 Asia/Kolkata] Connecting to DB: localhost/ludo_tournament with user: ludo_user
[31-Aug-2026 16:59:46 Asia/Kolkata] SQL: INSERT INTO users (
            username, mobile, password_hash, refer_code, referred_by, 
            wallet_balance, is_verified, is_active, kyc_status, 
            created_at, updated_at
        ) VALUES (
            :username, :mobile, :password_hash, :refer_code, :referred_by, 
            :wallet_balance, :is_verified, :is_active, :kyc_status, 
            :created_at, :updated_at
        )
[31-Aug-2026 16:59:46 Asia/Kolkata] Params: Array
(
    [:username] => demo
    [:mobile] => 8058716444
    [:password_hash] => $2y$10$QorOKat78UWgBFK00xA4Te3lTXInPIMK4AJmfMU2nGCTuYaJj9r7i
    [:refer_code] => REFA8AA888C
    [:referred_by] => 
    [:wallet_balance] => 5
    [:is_verified] => 0
    [:is_active] => 1
    [:kyc_status] => not_submitted
    [:created_at] => 2026-08-31 16:59:46
    [:updated_at] => 2026-08-31 16:59:46
)

[31-Aug-2026 16:59:46 Asia/Kolkata] Connecting to DB: localhost/ludo_tournament with user: ludo_user
[31-Aug-2026 16:59:55 Asia/Kolkata] Connecting to DB: localhost/ludo_tournament with user: ludo_user
[31-Aug-2026 17:00:06 Asia/Kolkata] Connecting to DB: localhost/ludo_tournament with user: ludo_user
[31-Aug-2026 17:00:11 Asia/Kolkata] Connecting to DB: localhost/ludo_tournament with user: ludo_user
[31-Aug-2026 17:00:11 Asia/Kolkata] Connecting to DB: localhost/ludo_tournament with user: ludo_user
[31-Aug-2026 17:00:11 Asia/Kolkata] Connecting to DB: localhost/ludo_tournament with user: ludo_user
[31-Aug-2026 17:00:17 Asia/Kolkata] Connecting to DB: localhost/ludo_tournament with user: ludo_user
[31-Aug-2026 17:00:18 Asia/Kolkata] Connecting to DB: localhost/ludo_tournament with user: ludo_user
[31-Aug-2026 17:01:15 Asia/Kolkata] Connecting to DB: localhost/ludo_tournament with user: ludo_user
[31-Aug-2026 17:01:16 Asia/Kolkata] Connecting to DB: localhost/ludo_tournament with user: ludo_user
[31-Aug-2026 17:02:06 Asia/Kolkata] Connecting to DB: localhost/ludo_tournament with user: ludo_user
[31-Aug-2026 17:02:06 Asia/Kolkata] Connecting to DB: localhost/ludo_tournament with user: ludo_user
[31-Aug-2026 17:02:06 Asia/Kolkata] Connecting to DB: localhost/ludo_tournament with user: ludo_user
[31-Aug-2026 17:02:16 Asia/Kolkata] Connecting to DB: localhost/ludo_tournament with user: ludo_user
[31-Aug-2026 17:02:16 Asia/Kolkata] Connecting to DB: localhost/ludo_tournament with user: ludo_user
[31-Aug-2026 17:02:20 Asia/Kolkata] Connecting to DB: localhost/ludo_tournament with user: ludo_user
[31-Aug-2026 17:02:30 Asia/Kolkata] Connecting to DB: localhost/ludo_tournament with user: ludo_user
[31-Aug-2026 17:02:30 Asia/Kolkata] Connecting to DB: localhost/ludo_tournament with user: ludo_user
[31-Aug-2026 17:02:34 Asia/Kolkata] Connecting to DB: localhost/ludo_tournament with user: ludo_user
[31-Aug-2026 17:02:45 Asia/Kolkata] Connecting to DB: localhost/ludo_tournament with user: ludo_user
[31-Aug-2026 17:02:45 Asia/Kolkata] Connecting to DB: localhost/ludo_tournament with user: ludo_user
[31-Aug-2026 17:02:55 Asia/Kolkata] Connecting to DB: localhost/ludo_tournament with user: ludo_user
[31-Aug-2026 17:02:55 Asia/Kolkata] Connecting to DB: localhost/ludo_tournament with user: ludo_user
[31-Aug-2026 17:10:46 Asia/Kolkata] Connecting to DB: localhost/ludo_tournament with user: ludo_user
[31-Aug-2026 17:10:46 Asia/Kolkata] Connecting to DB: localhost/ludo_tournament with user: ludo_user
[31-Aug-2026 17:10:46 Asia/Kolkata] Connecting to DB: localhost/ludo_tournament with user: ludo_user
[31-Aug-2026 17:11:24 Asia/Kolkata] Connecting to DB: localhost/ludo_tournament with user: ludo_user
[31-Aug-2026 17:11:54 Asia/Kolkata] Connecting to DB: localhost/ludo_tournament with user: ludo_user
[31-Aug-2026 17:11:54 Asia/Kolkata] Connecting to DB: localhost/ludo_tournament with user: ludo_user
[31-Aug-2026 17:11:54 Asia/Kolkata] PHP Fatal error:  Uncaught Error: Undefined constant "ADMIN_WRITE_ACTIONS" in /www/wwwroot/demoludo.online/admin/index.php:146
Stack trace:
#0 /www/wwwroot/demoludo.online/admin/index.php(124): handleAdminAjax()
#1 {main}
  thrown in /www/wwwroot/demoludo.online/admin/index.php on line 146
[31-Aug-2026 17:11:54 Asia/Kolkata] Connecting to DB: localhost/ludo_tournament with user: ludo_user
[31-Aug-2026 17:11:54 Asia/Kolkata] PHP Fatal error:  Uncaught Error: Undefined constant "ADMIN_WRITE_ACTIONS" in /www/wwwroot/demoludo.online/admin/index.php:146
Stack trace:
#0 /www/wwwroot/demoludo.online/admin/index.php(124): handleAdminAjax()
#1 {main}
  thrown in /www/wwwroot/demoludo.online/admin/index.php on line 146
[31-Aug-2026 17:12:07 Asia/Kolkata] Connecting to DB: localhost/ludo_tournament with user: ludo_user
[31-Aug-2026 17:12:07 Asia/Kolkata] PHP Fatal error:  Uncaught Error: Undefined constant "ADMIN_WRITE_ACTIONS" in /www/wwwroot/demoludo.online/admin/index.php:146
Stack trace:
#0 /www/wwwroot/demoludo.online/admin/index.php(124): handleAdminAjax()
#1 {main}
  thrown in /www/wwwroot/demoludo.online/admin/index.php on line 146
[31-Aug-2026 17:12:08 Asia/Kolkata] Connecting to DB: localhost/ludo_tournament with user: ludo_user
[31-Aug-2026 17:12:08 Asia/Kolkata] PHP Fatal error:  Uncaught Error: Undefined constant "ADMIN_WRITE_ACTIONS" in /www/wwwroot/demoludo.online/admin/index.php:146
Stack trace:
#0 /www/wwwroot/demoludo.online/admin/index.php(124): handleAdminAjax()
#1 {main}
  thrown in /www/wwwroot/demoludo.online/admin/index.php on line 146
[31-Aug-2026 17:12:11 Asia/Kolkata] Connecting to DB: localhost/ludo_tournament with user: ludo_user
[31-Aug-2026 17:12:11 Asia/Kolkata] PHP Fatal error:  Uncaught Error: Undefined constant "ADMIN_WRITE_ACTIONS" in /www/wwwroot/demoludo.online/admin/index.php:146
Stack trace:
#0 /www/wwwroot/demoludo.online/admin/index.php(124): handleAdminAjax()
#1 {main}
  thrown in /www/wwwroot/demoludo.online/admin/index.php on line 146
[31-Aug-2026 17:12:15 Asia/Kolkata] Connecting to DB: localhost/ludo_tournament with user: ludo_user
[31-Aug-2026 17:12:15 Asia/Kolkata] Connecting to DB: localhost/ludo_tournament with user: ludo_user
[31-Aug-2026 17:12:46 Asia/Kolkata] Connecting to DB: localhost/ludo_tournament with user: ludo_user
[31-Aug-2026 17:12:46 Asia/Kolkata] Connecting to DB: localhost/ludo_tournament with user: ludo_user
[31-Aug-2026 17:12:46 Asia/Kolkata] PHP Fatal error:  Uncaught Error: Undefined constant "ADMIN_WRITE_ACTIONS" in /www/wwwroot/demoludo.online/admin/index.php:146
Stack trace:
#0 /www/wwwroot/demoludo.online/admin/index.php(124): handleAdminAjax()
#1 {main}
  thrown in /www/wwwroot/demoludo.online/admin/index.php on line 146
[31-Aug-2026 17:12:46 Asia/Kolkata] Connecting to DB: localhost/ludo_tournament with user: ludo_user
[31-Aug-2026 17:12:46 Asia/Kolkata] PHP Fatal error:  Uncaught Error: Undefined constant "ADMIN_WRITE_ACTIONS" in /www/wwwroot/demoludo.online/admin/index.php:146
Stack trace:
#0 /www/wwwroot/demoludo.online/admin/index.php(124): handleAdminAjax()
#1 {main}
  thrown in /www/wwwroot/demoludo.online/admin/index.php on line 146
[31-Aug-2026 17:12:48 Asia/Kolkata] Connecting to DB: localhost/ludo_tournament with user: ludo_user
[31-Aug-2026 17:12:49 Asia/Kolkata] Connecting to DB: localhost/ludo_tournament with user: ludo_user
[31-Aug-2026 17:12:49 Asia/Kolkata] [admin_kyc list] SQLSTATE[HY093]: Invalid parameter number
[31-Aug-2026 17:12:49 Asia/Kolkata] Connecting to DB: localhost/ludo_tournament with user: ludo_user
[31-Aug-2026 17:12:51 Asia/Kolkata] Connecting to DB: localhost/ludo_tournament with user: ludo_user
[31-Aug-2026 17:12:51 Asia/Kolkata] [admin_kyc list] SQLSTATE[HY093]: Invalid parameter number
[31-Aug-2026 17:12:52 Asia/Kolkata] Connecting to DB: localhost/ludo_tournament with user: ludo_user
[31-Aug-2026 17:12:52 Asia/Kolkata] [admin_kyc list] SQLSTATE[HY093]: Invalid parameter number
[31-Aug-2026 17:12:53 Asia/Kolkata] Connecting to DB: localhost/ludo_tournament with user: ludo_user
[31-Aug-2026 17:12:53 Asia/Kolkata] [admin_kyc list] SQLSTATE[HY093]: Invalid parameter number
[31-Aug-2026 17:12:58 Asia/Kolkata] Connecting to DB: localhost/ludo_tournament with user: ludo_user
[31-Aug-2026 17:12:58 Asia/Kolkata] Connecting to DB: localhost/ludo_tournament with user: ludo_user
[31-Aug-2026 17:12:59 Asia/Kolkata] PHP Fatal error:  Uncaught Error: Undefined constant "ADMIN_WRITE_ACTIONS" in /www/wwwroot/demoludo.online/admin/index.php:146
Stack trace:
#0 /www/wwwroot/demoludo.online/admin/index.php(124): handleAdminAjax()
#1 {main}
  thrown in /www/wwwroot/demoludo.online/admin/index.php on line 146
[31-Aug-2026 17:12:59 Asia/Kolkata] Connecting to DB: localhost/ludo_tournament with user: ludo_user
[31-Aug-2026 17:12:59 Asia/Kolkata] PHP Fatal error:  Uncaught Error: Undefined constant "ADMIN_WRITE_ACTIONS" in /www/wwwroot/demoludo.online/admin/index.php:146
Stack trace:
#0 /www/wwwroot/demoludo.online/admin/index.php(124): handleAdminAjax()
#1 {main}
  thrown in /www/wwwroot/demoludo.online/admin/index.php on line 146
[31-Aug-2026 17:13:02 Asia/Kolkata] Connecting to DB: localhost/ludo_tournament with user: ludo_user
[31-Aug-2026 17:13:02 Asia/Kolkata] Connecting to DB: localhost/ludo_tournament with user: ludo_user
[31-Aug-2026 17:13:02 Asia/Kolkata] Connecting to DB: localhost/ludo_tournament with user: ludo_user
[31-Aug-2026 17:13:02 Asia/Kolkata] [admin_kyc list] SQLSTATE[HY093]: Invalid parameter number
[31-Aug-2026 17:13:04 Asia/Kolkata] Connecting to DB: localhost/ludo_tournament with user: ludo_user
[31-Aug-2026 17:13:04 Asia/Kolkata] Connecting to DB: localhost/ludo_tournament with user: ludo_user
[31-Aug-2026 17:13:04 Asia/Kolkata] Connecting to DB: localhost/ludo_tournament with user: ludo_user
[31-Aug-2026 17:13:06 Asia/Kolkata] Connecting to DB: localhost/ludo_tournament with user: ludo_user
[31-Aug-2026 17:13:07 Asia/Kolkata] Connecting to DB: localhost/ludo_tournament with user: ludo_user
[31-Aug-2026 17:13:07 Asia/Kolkata] [admin_kyc list] SQLSTATE[HY093]: Invalid parameter number
[31-Aug-2026 17:13:07 Asia/Kolkata] Connecting to DB: localhost/ludo_tournament with user: ludo_user
[31-Aug-2026 17:13:08 Asia/Kolkata] Connecting to DB: localhost/ludo_tournament with user: ludo_user
[31-Aug-2026 17:13:08 Asia/Kolkata] Connecting to DB: localhost/ludo_tournament with user: ludo_user
[31-Aug-2026 17:13:08 Asia/Kolkata] Connecting to DB: localhost/ludo_tournament with user: ludo_user
[31-Aug-2026 17:13:09 Asia/Kolkata] Connecting to DB: localhost/ludo_tournament with user: ludo_user
[31-Aug-2026 17:14:43 Asia/Kolkata] Connecting to DB: localhost/ludo_tournament with user: ludo_user
[31-Aug-2026 17:14:44 Asia/Kolkata] Connecting to DB: localhost/ludo_tournament with user: ludo_user
[31-Aug-2026 17:14:44 Asia/Kolkata] Connecting to DB: localhost/ludo_tournament with user: ludo_user
[31-Aug-2026 17:14:47 Asia/Kolkata] Connecting to DB: localhost/ludo_tournament with user: ludo_user
[31-Aug-2026 17:14:47 Asia/Kolkata] Connecting to DB: localhost/ludo_tournament with user: ludo_user
[31-Aug-2026 17:14:47 Asia/Kolkata] PHP Fatal error:  Uncaught Error: Undefined constant "ADMIN_WRITE_ACTIONS" in /www/wwwroot/demoludo.online/admin/index.php:146
Stack trace:
#0 /www/wwwroot/demoludo.online/admin/index.php(124): handleAdminAjax()
#1 {main}
  thrown in /www/wwwroot/demoludo.online/admin/index.php on line 146
[31-Aug-2026 17:14:47 Asia/Kolkata] Connecting to DB: localhost/ludo_tournament with user: ludo_user
[31-Aug-2026 17:14:47 Asia/Kolkata] PHP Fatal error:  Uncaught Error: Undefined constant "ADMIN_WRITE_ACTIONS" in /www/wwwroot/demoludo.online/admin/index.php:146
Stack trace:
#0 /www/wwwroot/demoludo.online/admin/index.php(124): handleAdminAjax()
#1 {main}
  thrown in /www/wwwroot/demoludo.online/admin/index.php on line 146
[31-Aug-2026 17:21:28 Asia/Kolkata] Connecting to DB: localhost/ludo_tournament with user: ludo_user
[31-Aug-2026 17:21:28 Asia/Kolkata] Connecting to DB: localhost/ludo_tournament with user: ludo_user
[31-Aug-2026 17:21:28 Asia/Kolkata] Connecting to DB: localhost/ludo_tournament with user: ludo_user
[31-Aug-2026 17:21:37 Asia/Kolkata] Connecting to DB: localhost/ludo_tournament with user: ludo_user
[31-Aug-2026 17:21:37 Asia/Kolkata] Connecting to DB: localhost/ludo_tournament with user: ludo_user
[31-Aug-2026 17:24:30 Asia/Kolkata] Connecting to DB: localhost/ludo_tournament with user: ludo_user
[31-Aug-2026 17:24:30 Asia/Kolkata] Connecting to DB: localhost/ludo_tournament with user: ludo_user
[31-Aug-2026 17:24:36 Asia/Kolkata] Connecting to DB: localhost/ludo_tournament with user: ludo_user
[31-Aug-2026 17:24:36 Asia/Kolkata] Connecting to DB: localhost/ludo_tournament with user: ludo_user
[31-Aug-2026 17:24:44 Asia/Kolkata] Connecting to DB: localhost/ludo_tournament with user: ludo_user
[31-Aug-2026 17:24:44 Asia/Kolkata] [Cashfree] API error: {"message":"authentication Failed","code":"request_failed","type":"authentication_error"}
[31-Aug-2026 17:26:19 Asia/Kolkata] Connecting to DB: localhost/ludo_tournament with user: ludo_user
[31-Aug-2026 17:26:19 Asia/Kolkata] Connecting to DB: localhost/ludo_tournament with user: ludo_user
[31-Aug-2026 17:27:22 Asia/Kolkata] Connecting to DB: localhost/ludo_tournament with user: ludo_user
[31-Aug-2026 17:27:22 Asia/Kolkata] Connecting to DB: localhost/ludo_tournament with user: ludo_user
[31-Aug-2026 17:27:32 Asia/Kolkata] Connecting to DB: localhost/ludo_tournament with user: ludo_user
[31-Aug-2026 17:27:42 Asia/Kolkata] Connecting to DB: localhost/ludo_tournament with user: ludo_user
[31-Aug-2026 17:27:52 Asia/Kolkata] Connecting to DB: localhost/ludo_tournament with user: ludo_user
[31-Aug-2026 17:28:02 Asia/Kolkata] Connecting to DB: localhost/ludo_tournament with user: ludo_user
[31-Aug-2026 17:28:12 Asia/Kolkata] Connecting to DB: localhost/ludo_tournament with user: ludo_user
[31-Aug-2026 17:28:22 Asia/Kolkata] Connecting to DB: localhost/ludo_tournament with user: ludo_user
[31-Aug-2026 17:28:32 Asia/Kolkata] Connecting to DB: localhost/ludo_tournament with user: ludo_user
[31-Aug-2026 17:28:45 Asia/Kolkata] Connecting to DB: localhost/ludo_tournament with user: ludo_user
[31-Aug-2026 17:28:52 Asia/Kolkata] Connecting to DB: localhost/ludo_tournament with user: ludo_user
[31-Aug-2026 17:28:58 Asia/Kolkata] Connecting to DB: localhost/ludo_tournament with user: ludo_user
[31-Aug-2026 17:28:58 Asia/Kolkata] Connecting to DB: localhost/ludo_tournament with user: ludo_user
[31-Aug-2026 17:29:02 Asia/Kolkata] Connecting to DB: localhost/ludo_tournament with user: ludo_user
[31-Aug-2026 17:29:12 Asia/Kolkata] Connecting to DB: localhost/ludo_tournament with user: ludo_user
[31-Aug-2026 17:29:17 Asia/Kolkata] Connecting to DB: localhost/ludo_tournament with user: ludo_user
[31-Aug-2026 17:29:17 Asia/Kolkata] Connecting to DB: localhost/ludo_tournament with user: ludo_user
[31-Aug-2026 17:29:18 Asia/Kolkata] Connecting to DB: localhost/ludo_tournament with user: ludo_user
[31-Aug-2026 17:29:19 Asia/Kolkata] Connecting to DB: localhost/ludo_tournament with user: ludo_user
[31-Aug-2026 17:29:22 Asia/Kolkata] Connecting to DB: localhost/ludo_tournament with user: ludo_user
[31-Aug-2026 17:29:32 Asia/Kolkata] Connecting to DB: localhost/ludo_tournament with user: ludo_user
[31-Aug-2026 17:29:39 Asia/Kolkata] Connecting to DB: localhost/ludo_tournament with user: ludo_user
[31-Aug-2026 17:29:39 Asia/Kolkata] Connecting to DB: localhost/ludo_tournament with user: ludo_user
[31-Aug-2026 17:29:42 Asia/Kolkata] Connecting to DB: localhost/ludo_tournament with user: ludo_user
[31-Aug-2026 17:29:42 Asia/Kolkata] Connecting to DB: localhost/ludo_tournament with user: ludo_user
[31-Aug-2026 17:29:42 Asia/Kolkata] Connecting to DB: localhost/ludo_tournament with user: ludo_user
[31-Aug-2026 17:29:46 Asia/Kolkata] Connecting to DB: localhost/ludo_tournament with user: ludo_user
[31-Aug-2026 17:29:46 Asia/Kolkata] Connecting to DB: localhost/ludo_tournament with user: ludo_user
[31-Aug-2026 17:29:48 Asia/Kolkata] Connecting to DB: localhost/ludo_tournament with user: ludo_user
[31-Aug-2026 17:29:48 Asia/Kolkata] Connecting to DB: localhost/ludo_tournament with user: ludo_user
[31-Aug-2026 17:29:49 Asia/Kolkata] Connecting to DB: localhost/ludo_tournament with user: ludo_user
[31-Aug-2026 17:29:49 Asia/Kolkata] Connecting to DB: localhost/ludo_tournament with user: ludo_user
[31-Aug-2026 17:29:50 Asia/Kolkata] Connecting to DB: localhost/ludo_tournament with user: ludo_user
[31-Aug-2026 17:29:50 Asia/Kolkata] Connecting to DB: localhost/ludo_tournament with user: ludo_user
[31-Aug-2026 17:29:52 Asia/Kolkata] Connecting to DB: localhost/ludo_tournament with user: ludo_user
[31-Aug-2026 17:29:56 Asia/Kolkata] Connecting to DB: localhost/ludo_tournament with user: ludo_user
[31-Aug-2026 17:29:56 Asia/Kolkata] Connecting to DB: localhost/ludo_tournament with user: ludo_user
[31-Aug-2026 17:29:59 Asia/Kolkata] Connecting to DB: localhost/ludo_tournament with user: ludo_user
[31-Aug-2026 17:29:59 Asia/Kolkata] Connecting to DB: localhost/ludo_tournament with user: ludo_user
[31-Aug-2026 17:30:00 Asia/Kolkata] Connecting to DB: localhost/ludo_tournament with user: ludo_user
[31-Aug-2026 17:30:01 Asia/Kolkata] Connecting to DB: localhost/ludo_tournament with user: ludo_user
[31-Aug-2026 17:30:02 Asia/Kolkata] Connecting to DB: localhost/ludo_tournament with user: ludo_user
[31-Aug-2026 17:30:02 Asia/Kolkata] Connecting to DB: localhost/ludo_tournament with user: ludo_user
[31-Aug-2026 17:30:02 Asia/Kolkata] Connecting to DB: localhost/ludo_tournament with user: ludo_user
[31-Aug-2026 17:30:05 Asia/Kolkata] Connecting to DB: localhost/ludo_tournament with user: ludo_user
[31-Aug-2026 17:30:06 Asia/Kolkata] Connecting to DB: localhost/ludo_tournament with user: ludo_user
[31-Aug-2026 17:30:07 Asia/Kolkata] Connecting to DB: localhost/ludo_tournament with user: ludo_user
[31-Aug-2026 17:30:07 Asia/Kolkata] Connecting to DB: localhost/ludo_tournament with user: ludo_user
[31-Aug-2026 17:30:08 Asia/Kolkata] Connecting to DB: localhost/ludo_tournament with user: ludo_user
[31-Aug-2026 17:30:08 Asia/Kolkata] Connecting to DB: localhost/ludo_tournament with user: ludo_user
[31-Aug-2026 17:30:09 Asia/Kolkata] Connecting to DB: localhost/ludo_tournament with user: ludo_user
[31-Aug-2026 17:30:09 Asia/Kolkata] Connecting to DB: localhost/ludo_tournament with user: ludo_user
[31-Aug-2026 17:30:12 Asia/Kolkata] Connecting to DB: localhost/ludo_tournament with user: ludo_user
[31-Aug-2026 17:30:14 Asia/Kolkata] Connecting to DB: localhost/ludo_tournament with user: ludo_user
[31-Aug-2026 17:30:14 Asia/Kolkata] Connecting to DB: localhost/ludo_tournament with user: ludo_user
[31-Aug-2026 17:30:14 Asia/Kolkata] Connecting to DB: localhost/ludo_tournament with user: ludo_user
[31-Aug-2026 17:30:22 Asia/Kolkata] Connecting to DB: localhost/ludo_tournament with user: ludo_user
[31-Aug-2026 17:30:32 Asia/Kolkata] Connecting to DB: localhost/ludo_tournament with user: ludo_user
[31-Aug-2026 17:30:42 Asia/Kolkata] Connecting to DB: localhost/ludo_tournament with user: ludo_user
[31-Aug-2026 17:30:52 Asia/Kolkata] Connecting to DB: localhost/ludo_tournament with user: ludo_user
[31-Aug-2026 17:31:02 Asia/Kolkata] Connecting to DB: localhost/ludo_tournament with user: ludo_user
[31-Aug-2026 17:31:45 Asia/Kolkata] Connecting to DB: localhost/ludo_tournament with user: ludo_user
[31-Aug-2026 17:32:45 Asia/Kolkata] Connecting to DB: localhost/ludo_tournament with user: ludo_user
[31-Aug-2026 17:33:45 Asia/Kolkata] Connecting to DB: localhost/ludo_tournament with user: ludo_user
[31-Aug-2026 17:34:45 Asia/Kolkata] Connecting to DB: localhost/ludo_tournament with user: ludo_user
[31-Aug-2026 18:01:54 Asia/Kolkata] Connecting to DB: localhost/ludo_tournament with user: ludo_user
[31-Aug-2026 18:38:47 Asia/Kolkata] Connecting to DB: localhost/ludo_tournament with user: ludo_user
[31-Aug-2026 18:55:44 Asia/Kolkata] Connecting to DB: localhost/ludo_tournament with user: ludo_user
[31-Aug-2026 18:59:10 Asia/Kolkata] Connecting to DB: localhost/ludo_tournament with user: ludo_user
[31-Aug-2026 18:59:10 Asia/Kolkata] Connecting to DB: localhost/ludo_tournament with user: ludo_user
[31-Aug-2026 18:59:12 Asia/Kolkata] Connecting to DB: localhost/ludo_tournament with user: ludo_user
[31-Aug-2026 18:59:14 Asia/Kolkata] Connecting to DB: localhost/ludo_tournament with user: ludo_user
[31-Aug-2026 18:59:17 Asia/Kolkata] Connecting to DB: localhost/ludo_tournament with user: ludo_user
[31-Aug-2026 18:59:19 Asia/Kolkata] Connecting to DB: localhost/ludo_tournament with user: ludo_user
[31-Aug-2026 18:59:22 Asia/Kolkata] Connecting to DB: localhost/ludo_tournament with user: ludo_user
[31-Aug-2026 18:59:24 Asia/Kolkata] Connecting to DB: localhost/ludo_tournament with user: ludo_user
[31-Aug-2026 18:59:27 Asia/Kolkata] Connecting to DB: localhost/ludo_tournament with user: ludo_user
[31-Aug-2026 18:59:29 Asia/Kolkata] Connecting to DB: localhost/ludo_tournament with user: ludo_user
[31-Aug-2026 18:59:32 Asia/Kolkata] Connecting to DB: localhost/ludo_tournament with user: ludo_user
[31-Aug-2026 18:59:34 Asia/Kolkata] Connecting to DB: localhost/ludo_tournament with user: ludo_user
[31-Aug-2026 18:59:37 Asia/Kolkata] Connecting to DB: localhost/ludo_tournament with user: ludo_user
[31-Aug-2026 18:59:39 Asia/Kolkata] Connecting to DB: localhost/ludo_tournament with user: ludo_user
[31-Aug-2026 18:59:42 Asia/Kolkata] Connecting to DB: localhost/ludo_tournament with user: ludo_user
[31-Aug-2026 18:59:44 Asia/Kolkata] Connecting to DB: localhost/ludo_tournament with user: ludo_user
[31-Aug-2026 18:59:47 Asia/Kolkata] Connecting to DB: localhost/ludo_tournament with user: ludo_user
[31-Aug-2026 18:59:52 Asia/Kolkata] Connecting to DB: localhost/ludo_tournament with user: ludo_user
[31-Aug-2026 18:59:57 Asia/Kolkata] Connecting to DB: localhost/ludo_tournament with user: ludo_user
[31-Aug-2026 18:59:57 Asia/Kolkata] Connecting to DB: localhost/ludo_tournament with user: ludo_user
[31-Aug-2026 19:00:08 Asia/Kolkata] Connecting to DB: localhost/ludo_tournament with user: ludo_user
[31-Aug-2026 19:00:08 Asia/Kolkata] Connecting to DB: localhost/ludo_tournament with user: ludo_user
[31-Aug-2026 19:00:09 Asia/Kolkata] Connecting to DB: localhost/ludo_tournament with user: ludo_user
[31-Aug-2026 19:00:12 Asia/Kolkata] Connecting to DB: localhost/ludo_tournament with user: ludo_user
[31-Aug-2026 19:00:12 Asia/Kolkata] Connecting to DB: localhost/ludo_tournament with user: ludo_user
[31-Aug-2026 19:02:11 Asia/Kolkata] Connecting to DB: localhost/ludo_tournament with user: ludo_user
[31-Aug-2026 19:02:11 Asia/Kolkata] Connecting to DB: localhost/ludo_tournament with user: ludo_user
[31-Aug-2026 19:02:11 Asia/Kolkata] Connecting to DB: localhost/ludo_tournament with user: ludo_user
[31-Aug-2026 19:02:14 Asia/Kolkata] Connecting to DB: localhost/ludo_tournament with user: ludo_user
[31-Aug-2026 19:02:16 Asia/Kolkata] Connecting to DB: localhost/ludo_tournament with user: ludo_user
[31-Aug-2026 19:02:19 Asia/Kolkata] Connecting to DB: localhost/ludo_tournament with user: ludo_user
[31-Aug-2026 19:02:19 Asia/Kolkata] Connecting to DB: localhost/ludo_tournament with user: ludo_user
[31-Aug-2026 19:02:25 Asia/Kolkata] Connecting to DB: localhost/ludo_tournament with user: ludo_user
[31-Aug-2026 19:02:26 Asia/Kolkata] Connecting to DB: localhost/ludo_tournament with user: ludo_user
[31-Aug-2026 19:02:29 Asia/Kolkata] Connecting to DB: localhost/ludo_tournament with user: ludo_user
[31-Aug-2026 19:02:29 Asia/Kolkata] Connecting to DB: localhost/ludo_tournament with user: ludo_user
[31-Aug-2026 19:16:03 Asia/Kolkata] Connecting to DB: localhost/ludo_tournament with user: ludo_user
[31-Aug-2026 19:24:33 Asia/Kolkata] Connecting to DB: localhost/ludo_tournament with user: ludo_user
[31-Aug-2026 19:24:53 Asia/Kolkata] Connecting to DB: localhost/ludo_tournament with user: ludo_user
[31-Aug-2026 19:24:53 Asia/Kolkata] Connecting to DB: localhost/ludo_tournament with user: ludo_user
[31-Aug-2026 19:25:05 Asia/Kolkata] Connecting to DB: localhost/ludo_tournament with user: ludo_user
[31-Aug-2026 19:25:09 Asia/Kolkata] Connecting to DB: localhost/ludo_tournament with user: ludo_user
[31-Aug-2026 19:25:09 Asia/Kolkata] Connecting to DB: localhost/ludo_tournament with user: ludo_user
[31-Aug-2026 19:25:14 Asia/Kolkata] Connecting to DB: localhost/ludo_tournament with user: ludo_user
[31-Aug-2026 19:25:24 Asia/Kolkata] Connecting to DB: localhost/ludo_tournament with user: ludo_user
[31-Aug-2026 19:25:37 Asia/Kolkata] Connecting to DB: localhost/ludo_tournament with user: ludo_user
[31-Aug-2026 19:25:37 Asia/Kolkata] Connecting to DB: localhost/ludo_tournament with user: ludo_user
[31-Aug-2026 19:25:54 Asia/Kolkata] Connecting to DB: localhost/ludo_tournament with user: ludo_user
[31-Aug-2026 19:26:19 Asia/Kolkata] Connecting to DB: localhost/ludo_tournament with user: ludo_user
[31-Aug-2026 19:26:20 Asia/Kolkata] Connecting to DB: localhost/ludo_tournament with user: ludo_user
[31-Aug-2026 19:26:23 Asia/Kolkata] Connecting to DB: localhost/ludo_tournament with user: ludo_user
[31-Aug-2026 19:26:27 Asia/Kolkata] Connecting to DB: localhost/ludo_tournament with user: ludo_user
[31-Aug-2026 19:26:27 Asia/Kolkata] Connecting to DB: localhost/ludo_tournament with user: ludo_user
[31-Aug-2026 19:26:32 Asia/Kolkata] Connecting to DB: localhost/ludo_tournament with user: ludo_user
[31-Aug-2026 19:26:32 Asia/Kolkata] Connecting to DB: localhost/ludo_tournament with user: ludo_user
[31-Aug-2026 19:26:33 Asia/Kolkata] Connecting to DB: localhost/ludo_tournament with user: ludo_user
[31-Aug-2026 19:26:36 Asia/Kolkata] Connecting to DB: localhost/ludo_tournament with user: ludo_user
[31-Aug-2026 19:26:40 Asia/Kolkata] Connecting to DB: localhost/ludo_tournament with user: ludo_user
[31-Aug-2026 19:26:59 Asia/Kolkata] Connecting to DB: localhost/ludo_tournament with user: ludo_user
[31-Aug-2026 19:27:30 Asia/Kolkata] Connecting to DB: localhost/ludo_tournament with user: ludo_user
[31-Aug-2026 19:27:38 Asia/Kolkata] Connecting to DB: localhost/ludo_tournament with user: ludo_user
[31-Aug-2026 19:27:45 Asia/Kolkata] Connecting to DB: localhost/ludo_tournament with user: ludo_user
[31-Aug-2026 19:27:53 Asia/Kolkata] Connecting to DB: localhost/ludo_tournament with user: ludo_user
[31-Aug-2026 19:27:58 Asia/Kolkata] Connecting to DB: localhost/ludo_tournament with user: ludo_user
[31-Aug-2026 19:28:03 Asia/Kolkata] Connecting to DB: localhost/ludo_tournament with user: ludo_user
[31-Aug-2026 19:28:07 Asia/Kolkata] Connecting to DB: localhost/ludo_tournament with user: ludo_user
[31-Aug-2026 19:38:09 Asia/Kolkata] Connecting to DB: localhost/ludo_tournament with user: ludo_user
[31-Aug-2026 19:38:31 Asia/Kolkata] Connecting to DB: localhost/ludo_tournament with user: ludo_user
[31-Aug-2026 19:38:55 Asia/Kolkata] Connecting to DB: localhost/ludo_tournament with user: ludo_user
[31-Aug-2026 19:38:56 Asia/Kolkata] Connecting to DB: localhost/ludo_tournament with user: ludo_user
[31-Aug-2026 19:39:03 Asia/Kolkata] Connecting to DB: localhost/ludo_tournament with user: ludo_user
[31-Aug-2026 19:39:32 Asia/Kolkata] Connecting to DB: localhost/ludo_tournament with user: ludo_user
[31-Aug-2026 19:40:01 Asia/Kolkata] Connecting to DB: localhost/ludo_tournament with user: ludo_user
[31-Aug-2026 19:40:24 Asia/Kolkata] Connecting to DB: localhost/ludo_tournament with user: ludo_user
[31-Aug-2026 19:40:53 Asia/Kolkata] Connecting to DB: localhost/ludo_tournament with user: ludo_user
[31-Aug-2026 19:41:42 Asia/Kolkata] Connecting to DB: localhost/ludo_tournament with user: ludo_user
[31-Aug-2026 19:42:11 Asia/Kolkata] Connecting to DB: localhost/ludo_tournament with user: ludo_user
[31-Aug-2026 19:42:53 Asia/Kolkata] Connecting to DB: localhost/ludo_tournament with user: ludo_user
[31-Aug-2026 19:43:05 Asia/Kolkata] Connecting to DB: localhost/ludo_tournament with user: ludo_user
[31-Aug-2026 19:43:33 Asia/Kolkata] Connecting to DB: localhost/ludo_tournament with user: ludo_user
[31-Aug-2026 19:45:16 Asia/Kolkata] Connecting to DB: localhost/ludo_tournament with user: ludo_user
[31-Aug-2026 19:45:16 Asia/Kolkata] Connecting to DB: localhost/ludo_tournament with user: ludo_user
[31-Aug-2026 19:45:16 Asia/Kolkata] Connecting to DB: localhost/ludo_tournament with user: ludo_user
[31-Aug-2026 19:45:19 Asia/Kolkata] Connecting to DB: localhost/ludo_tournament with user: ludo_user
[31-Aug-2026 19:45:21 Asia/Kolkata] Connecting to DB: localhost/ludo_tournament with user: ludo_user
[31-Aug-2026 19:45:24 Asia/Kolkata] Connecting to DB: localhost/ludo_tournament with user: ludo_user
[31-Aug-2026 19:45:26 Asia/Kolkata] Connecting to DB: localhost/ludo_tournament with user: ludo_user
[31-Aug-2026 19:45:29 Asia/Kolkata] Connecting to DB: localhost/ludo_tournament with user: ludo_user
[31-Aug-2026 19:45:31 Asia/Kolkata] Connecting to DB: localhost/ludo_tournament with user: ludo_user
[31-Aug-2026 19:45:34 Asia/Kolkata] Connecting to DB: localhost/ludo_tournament with user: ludo_user
[31-Aug-2026 19:45:36 Asia/Kolkata] Connecting to DB: localhost/ludo_tournament with user: ludo_user
[31-Aug-2026 19:45:39 Asia/Kolkata] Connecting to DB: localhost/ludo_tournament with user: ludo_user
[31-Aug-2026 19:45:41 Asia/Kolkata] Connecting to DB: localhost/ludo_tournament with user: ludo_user
[31-Aug-2026 19:45:44 Asia/Kolkata] Connecting to DB: localhost/ludo_tournament with user: ludo_user
[31-Aug-2026 19:45:46 Asia/Kolkata] Connecting to DB: localhost/ludo_tournament with user: ludo_user
[31-Aug-2026 19:45:49 Asia/Kolkata] Connecting to DB: localhost/ludo_tournament with user: ludo_user
[31-Aug-2026 19:45:51 Asia/Kolkata] Connecting to DB: localhost/ludo_tournament with user: ludo_user
[31-Aug-2026 19:45:54 Asia/Kolkata] Connecting to DB: localhost/ludo_tournament with user: ludo_user
[31-Aug-2026 19:45:56 Asia/Kolkata] Connecting to DB: localhost/ludo_tournament with user: ludo_user
[31-Aug-2026 19:45:59 Asia/Kolkata] Connecting to DB: localhost/ludo_tournament with user: ludo_user
[31-Aug-2026 19:46:01 Asia/Kolkata] Connecting to DB: localhost/ludo_tournament with user: ludo_user
[31-Aug-2026 19:46:01 Asia/Kolkata] Connecting to DB: localhost/ludo_tournament with user: ludo_user
[31-Aug-2026 19:46:01 Asia/Kolkata] Connecting to DB: localhost/ludo_tournament with user: ludo_user
[31-Aug-2026 19:46:04 Asia/Kolkata] Connecting to DB: localhost/ludo_tournament with user: ludo_user
[31-Aug-2026 19:46:06 Asia/Kolkata] Connecting to DB: localhost/ludo_tournament with user: ludo_user
[31-Aug-2026 19:46:09 Asia/Kolkata] Connecting to DB: localhost/ludo_tournament with user: ludo_user
[31-Aug-2026 19:46:11 Asia/Kolkata] Connecting to DB: localhost/ludo_tournament with user: ludo_user
[31-Aug-2026 19:46:14 Asia/Kolkata] Connecting to DB: localhost/ludo_tournament with user: ludo_user
[31-Aug-2026 19:46:16 Asia/Kolkata] Connecting to DB: localhost/ludo_tournament with user: ludo_user
[31-Aug-2026 19:46:19 Asia/Kolkata] Connecting to DB: localhost/ludo_tournament with user: ludo_user
[31-Aug-2026 19:46:21 Asia/Kolkata] Connecting to DB: localhost/ludo_tournament with user: ludo_user
[31-Aug-2026 19:46:24 Asia/Kolkata] Connecting to DB: localhost/ludo_tournament with user: ludo_user
[31-Aug-2026 19:46:27 Asia/Kolkata] Connecting to DB: localhost/ludo_tournament with user: ludo_user
[31-Aug-2026 19:46:30 Asia/Kolkata] Connecting to DB: localhost/ludo_tournament with user: ludo_user
[31-Aug-2026 19:46:32 Asia/Kolkata] Connecting to DB: localhost/ludo_tournament with user: ludo_user
[31-Aug-2026 19:46:35 Asia/Kolkata] Connecting to DB: localhost/ludo_tournament with user: ludo_user
[31-Aug-2026 19:46:36 Asia/Kolkata] Connecting to DB: localhost/ludo_tournament with user: ludo_user
[31-Aug-2026 19:46:39 Asia/Kolkata] Connecting to DB: localhost/ludo_tournament with user: ludo_user
[31-Aug-2026 19:46:41 Asia/Kolkata] Connecting to DB: localhost/ludo_tournament with user: ludo_user
[31-Aug-2026 19:46:44 Asia/Kolkata] Connecting to DB: localhost/ludo_tournament with user: ludo_user
[31-Aug-2026 19:46:47 Asia/Kolkata] Connecting to DB: localhost/ludo_tournament with user: ludo_user
[31-Aug-2026 19:46:50 Asia/Kolkata] Connecting to DB: localhost/ludo_tournament with user: ludo_user
[31-Aug-2026 19:46:51 Asia/Kolkata] Connecting to DB: localhost/ludo_tournament with user: ludo_user
[31-Aug-2026 19:46:54 Asia/Kolkata] Connecting to DB: localhost/ludo_tournament with user: ludo_user
[31-Aug-2026 19:46:56 Asia/Kolkata] Connecting to DB: localhost/ludo_tournament with user: ludo_user
[31-Aug-2026 19:46:59 Asia/Kolkata] Connecting to DB: localhost/ludo_tournament with user: ludo_user
[31-Aug-2026 19:47:01 Asia/Kolkata] Connecting to DB: localhost/ludo_tournament with user: ludo_user
[31-Aug-2026 19:47:04 Asia/Kolkata] Connecting to DB: localhost/ludo_tournament with user: ludo_user
[31-Aug-2026 19:47:06 Asia/Kolkata] Connecting to DB: localhost/ludo_tournament with user: ludo_user
[31-Aug-2026 19:47:10 Asia/Kolkata] Connecting to DB: localhost/ludo_tournament with user: ludo_user
[31-Aug-2026 19:47:12 Asia/Kolkata] Connecting to DB: localhost/ludo_tournament with user: ludo_user
[31-Aug-2026 19:47:15 Asia/Kolkata] Connecting to DB: localhost/ludo_tournament with user: ludo_user
[31-Aug-2026 19:47:17 Asia/Kolkata] Connecting to DB: localhost/ludo_tournament with user: ludo_user
[31-Aug-2026 19:47:20 Asia/Kolkata] Connecting to DB: localhost/ludo_tournament with user: ludo_user
[31-Aug-2026 19:47:22 Asia/Kolkata] Connecting to DB: localhost/ludo_tournament with user: ludo_user
[31-Aug-2026 19:47:25 Asia/Kolkata] Connecting to DB: localhost/ludo_tournament with user: ludo_user
[31-Aug-2026 19:47:27 Asia/Kolkata] Connecting to DB: localhost/ludo_tournament with user: ludo_user
[31-Aug-2026 19:47:30 Asia/Kolkata] Connecting to DB: localhost/ludo_tournament with user: ludo_user
[31-Aug-2026 19:47:32 Asia/Kolkata] Connecting to DB: localhost/ludo_tournament with user: ludo_user
[31-Aug-2026 19:47:35 Asia/Kolkata] Connecting to DB: localhost/ludo_tournament with user: ludo_user
[31-Aug-2026 19:47:37 Asia/Kolkata] Connecting to DB: localhost/ludo_tournament with user: ludo_user
[31-Aug-2026 19:47:40 Asia/Kolkata] Connecting to DB: localhost/ludo_tournament with user: ludo_user
[31-Aug-2026 19:47:42 Asia/Kolkata] Connecting to DB: localhost/ludo_tournament with user: ludo_user
[31-Aug-2026 19:47:45 Asia/Kolkata] Connecting to DB: localhost/ludo_tournament with user: ludo_user
[31-Aug-2026 19:47:47 Asia/Kolkata] Connecting to DB: localhost/ludo_tournament with user: ludo_user
[31-Aug-2026 19:47:50 Asia/Kolkata] Connecting to DB: localhost/ludo_tournament with user: ludo_user
[31-Aug-2026 19:47:52 Asia/Kolkata] Connecting to DB: localhost/ludo_tournament with user: ludo_user
[31-Aug-2026 19:47:55 Asia/Kolkata] Connecting to DB: localhost/ludo_tournament with user: ludo_user
[31-Aug-2026 19:47:57 Asia/Kolkata] Connecting to DB: localhost/ludo_tournament with user: ludo_user
[31-Aug-2026 19:48:00 Asia/Kolkata] Connecting to DB: localhost/ludo_tournament with user: ludo_user
[31-Aug-2026 19:48:02 Asia/Kolkata] Connecting to DB: localhost/ludo_tournament with user: ludo_user
[31-Aug-2026 19:48:05 Asia/Kolkata] Connecting to DB: localhost/ludo_tournament with user: ludo_user
[31-Aug-2026 19:48:07 Asia/Kolkata] Connecting to DB: localhost/ludo_tournament with user: ludo_user
[31-Aug-2026 19:48:45 Asia/Kolkata] Connecting to DB: localhost/ludo_tournament with user: ludo_user
[31-Aug-2026 19:49:41 Asia/Kolkata] Connecting to DB: localhost/ludo_tournament with user: ludo_user
[31-Aug-2026 19:49:41 Asia/Kolkata] Connecting to DB: localhost/ludo_tournament with user: ludo_user
[31-Aug-2026 19:49:44 Asia/Kolkata] Connecting to DB: localhost/ludo_tournament with user: ludo_user
[31-Aug-2026 19:49:46 Asia/Kolkata] Connecting to DB: localhost/ludo_tournament with user: ludo_user
[31-Aug-2026 19:49:50 Asia/Kolkata] Connecting to DB: localhost/ludo_tournament with user: ludo_user
[31-Aug-2026 19:49:52 Asia/Kolkata] Connecting to DB: localhost/ludo_tournament with user: ludo_user
[31-Aug-2026 19:49:55 Asia/Kolkata] Connecting to DB: localhost/ludo_tournament with user: ludo_user
[31-Aug-2026 19:49:57 Asia/Kolkata] Connecting to DB: localhost/ludo_tournament with user: ludo_user
[31-Aug-2026 19:50:00 Asia/Kolkata] Connecting to DB: localhost/ludo_tournament with user: ludo_user
[31-Aug-2026 19:50:02 Asia/Kolkata] Connecting to DB: localhost/ludo_tournament with user: ludo_user
[31-Aug-2026 19:50:05 Asia/Kolkata] Connecting to DB: localhost/ludo_tournament with user: ludo_user
[31-Aug-2026 19:50:07 Asia/Kolkata] Connecting to DB: localhost/ludo_tournament with user: ludo_user
[31-Aug-2026 19:50:10 Asia/Kolkata] Connecting to DB: localhost/ludo_tournament with user: ludo_user
[31-Aug-2026 19:50:12 Asia/Kolkata] Connecting to DB: localhost/ludo_tournament with user: ludo_user
[31-Aug-2026 19:50:15 Asia/Kolkata] Connecting to DB: localhost/ludo_tournament with user: ludo_user
[31-Aug-2026 19:50:17 Asia/Kolkata] Connecting to DB: localhost/ludo_tournament with user: ludo_user
[31-Aug-2026 19:50:20 Asia/Kolkata] Connecting to DB: localhost/ludo_tournament with user: ludo_user
[31-Aug-2026 19:50:22 Asia/Kolkata] Connecting to DB: localhost/ludo_tournament with user: ludo_user
[31-Aug-2026 19:50:25 Asia/Kolkata] Connecting to DB: localhost/ludo_tournament with user: ludo_user
[31-Aug-2026 19:50:27 Asia/Kolkata] Connecting to DB: localhost/ludo_tournament with user: ludo_user
[31-Aug-2026 19:50:30 Asia/Kolkata] Connecting to DB: localhost/ludo_tournament with user: ludo_user
[31-Aug-2026 19:50:32 Asia/Kolkata] Connecting to DB: localhost/ludo_tournament with user: ludo_user
[31-Aug-2026 19:50:35 Asia/Kolkata] Connecting to DB: localhost/ludo_tournament with user: ludo_user
[31-Aug-2026 19:50:37 Asia/Kolkata] Connecting to DB: localhost/ludo_tournament with user: ludo_user
[31-Aug-2026 19:50:40 Asia/Kolkata] Connecting to DB: localhost/ludo_tournament with user: ludo_user
[31-Aug-2026 19:50:42 Asia/Kolkata] Connecting to DB: localhost/ludo_tournament with user: ludo_user
[31-Aug-2026 19:50:45 Asia/Kolkata] Connecting to DB: localhost/ludo_tournament with user: ludo_user
[31-Aug-2026 19:51:45 Asia/Kolkata] Connecting to DB: localhost/ludo_tournament with user: ludo_user
[31-Aug-2026 19:51:51 Asia/Kolkata] Connecting to DB: localhost/ludo_tournament with user: ludo_user
[31-Aug-2026 19:51:51 Asia/Kolkata] Connecting to DB: localhost/ludo_tournament with user: ludo_user
[31-Aug-2026 19:51:54 Asia/Kolkata] Connecting to DB: localhost/ludo_tournament with user: ludo_user
[31-Aug-2026 19:51:57 Asia/Kolkata] Connecting to DB: localhost/ludo_tournament with user: ludo_user
[31-Aug-2026 19:51:59 Asia/Kolkata] Connecting to DB: localhost/ludo_tournament with user: ludo_user
[31-Aug-2026 19:52:01 Asia/Kolkata] Connecting to DB: localhost/ludo_tournament with user: ludo_user
[31-Aug-2026 19:52:04 Asia/Kolkata] Connecting to DB: localhost/ludo_tournament with user: ludo_user
[31-Aug-2026 19:52:04 Asia/Kolkata] Connecting to DB: localhost/ludo_tournament with user: ludo_user
[31-Aug-2026 19:52:04 Asia/Kolkata] Connecting to DB: localhost/ludo_tournament with user: ludo_user
[31-Aug-2026 19:52:06 Asia/Kolkata] Connecting to DB: localhost/ludo_tournament with user: ludo_user
[31-Aug-2026 19:52:09 Asia/Kolkata] Connecting to DB: localhost/ludo_tournament with user: ludo_user
[31-Aug-2026 19:52:12 Asia/Kolkata] Connecting to DB: localhost/ludo_tournament with user: ludo_user
[31-Aug-2026 19:52:15 Asia/Kolkata] Connecting to DB: localhost/ludo_tournament with user: ludo_user
[31-Aug-2026 19:52:17 Asia/Kolkata] Connecting to DB: localhost/ludo_tournament with user: ludo_user
[31-Aug-2026 19:52:20 Asia/Kolkata] Connecting to DB: localhost/ludo_tournament with user: ludo_user
[31-Aug-2026 19:52:22 Asia/Kolkata] Connecting to DB: localhost/ludo_tournament with user: ludo_user
[31-Aug-2026 19:52:25 Asia/Kolkata] Connecting to DB: localhost/ludo_tournament with user: ludo_user
[31-Aug-2026 19:52:27 Asia/Kolkata] Connecting to DB: localhost/ludo_tournament with user: ludo_user
[31-Aug-2026 19:52:30 Asia/Kolkata] Connecting to DB: localhost/ludo_tournament with user: ludo_user
[31-Aug-2026 19:52:32 Asia/Kolkata] Connecting to DB: localhost/ludo_tournament with user: ludo_user
[31-Aug-2026 19:52:35 Asia/Kolkata] Connecting to DB: localhost/ludo_tournament with user: ludo_user
[31-Aug-2026 19:52:37 Asia/Kolkata] Connecting to DB: localhost/ludo_tournament with user: ludo_user
[31-Aug-2026 19:52:40 Asia/Kolkata] Connecting to DB: localhost/ludo_tournament with user: ludo_user
[31-Aug-2026 19:52:42 Asia/Kolkata] Connecting to DB: localhost/ludo_tournament with user: ludo_user
[31-Aug-2026 19:52:45 Asia/Kolkata] Connecting to DB: localhost/ludo_tournament with user: ludo_user
[31-Aug-2026 19:52:47 Asia/Kolkata] Connecting to DB: localhost/ludo_tournament with user: ludo_user
[31-Aug-2026 19:52:50 Asia/Kolkata] Connecting to DB: localhost/ludo_tournament with user: ludo_user
[31-Aug-2026 19:52:52 Asia/Kolkata] Connecting to DB: localhost/ludo_tournament with user: ludo_user
[31-Aug-2026 19:52:55 Asia/Kolkata] Connecting to DB: localhost/ludo_tournament with user: ludo_user
[31-Aug-2026 19:52:57 Asia/Kolkata] Connecting to DB: localhost/ludo_tournament with user: ludo_user
[31-Aug-2026 19:53:00 Asia/Kolkata] Connecting to DB: localhost/ludo_tournament with user: ludo_user
[31-Aug-2026 19:53:02 Asia/Kolkata] Connecting to DB: localhost/ludo_tournament with user: ludo_user
[31-Aug-2026 19:53:05 Asia/Kolkata] Connecting to DB: localhost/ludo_tournament with user: ludo_user
[31-Aug-2026 19:53:07 Asia/Kolkata] Connecting to DB: localhost/ludo_tournament with user: ludo_user
[31-Aug-2026 19:53:08 Asia/Kolkata] Connecting to DB: localhost/ludo_tournament with user: ludo_user
[31-Aug-2026 19:53:37 Asia/Kolkata] Connecting to DB: localhost/ludo_tournament with user: ludo_user
[31-Aug-2026 19:53:37 Asia/Kolkata] Connecting to DB: localhost/ludo_tournament with user: ludo_user
[31-Aug-2026 19:53:45 Asia/Kolkata] Connecting to DB: localhost/ludo_tournament with user: ludo_user
[31-Aug-2026 19:54:45 Asia/Kolkata] Connecting to DB: localhost/ludo_tournament with user: ludo_user
[31-Aug-2026 19:55:45 Asia/Kolkata] Connecting to DB: localhost/ludo_tournament with user: ludo_user
[31-Aug-2026 19:56:45 Asia/Kolkata] Connecting to DB: localhost/ludo_tournament with user: ludo_user
[31-Aug-2026 19:56:55 Asia/Kolkata] Connecting to DB: localhost/ludo_tournament with user: ludo_user
[31-Aug-2026 19:56:56 Asia/Kolkata] Connecting to DB: localhost/ludo_tournament with user: ludo_user
[31-Aug-2026 19:56:57 Asia/Kolkata] Connecting to DB: localhost/ludo_tournament with user: ludo_user
[31-Aug-2026 19:56:57 Asia/Kolkata] Connecting to DB: localhost/ludo_tournament with user: ludo_user
[31-Aug-2026 19:56:57 Asia/Kolkata] Connecting to DB: localhost/ludo_tournament with user: ludo_user
[31-Aug-2026 19:57:00 Asia/Kolkata] Connecting to DB: localhost/ludo_tournament with user: ludo_user
[31-Aug-2026 19:57:02 Asia/Kolkata] Connecting to DB: localhost/ludo_tournament with user: ludo_user
[31-Aug-2026 19:57:05 Asia/Kolkata] Connecting to DB: localhost/ludo_tournament with user: ludo_user
[31-Aug-2026 19:57:07 Asia/Kolkata] Connecting to DB: localhost/ludo_tournament with user: ludo_user
[31-Aug-2026 19:57:08 Asia/Kolkata] Connecting to DB: localhost/ludo_tournament with user: ludo_user
[31-Aug-2026 19:57:08 Asia/Kolkata] Connecting to DB: localhost/ludo_tournament with user: ludo_user
[31-Aug-2026 19:57:08 Asia/Kolkata] Connecting to DB: localhost/ludo_tournament with user: ludo_user
[31-Aug-2026 19:57:11 Asia/Kolkata] Connecting to DB: localhost/ludo_tournament with user: ludo_user
[31-Aug-2026 19:57:13 Asia/Kolkata] Connecting to DB: localhost/ludo_tournament with user: ludo_user
[31-Aug-2026 19:57:16 Asia/Kolkata] Connecting to DB: localhost/ludo_tournament with user: ludo_user
[31-Aug-2026 19:57:18 Asia/Kolkata] Connecting to DB: localhost/ludo_tournament with user: ludo_user
[31-Aug-2026 19:57:21 Asia/Kolkata] Connecting to DB: localhost/ludo_tournament with user: ludo_user
[31-Aug-2026 19:57:23 Asia/Kolkata] Connecting to DB: localhost/ludo_tournament with user: ludo_user
[31-Aug-2026 19:57:26 Asia/Kolkata] Connecting to DB: localhost/ludo_tournament with user: ludo_user
[31-Aug-2026 19:57:29 Asia/Kolkata] Connecting to DB: localhost/ludo_tournament with user: ludo_user
[31-Aug-2026 19:57:31 Asia/Kolkata] Connecting to DB: localhost/ludo_tournament with user: ludo_user
[31-Aug-2026 19:57:33 Asia/Kolkata] Connecting to DB: localhost/ludo_tournament with user: ludo_user
[31-Aug-2026 19:57:36 Asia/Kolkata] Connecting to DB: localhost/ludo_tournament with user: ludo_user
[31-Aug-2026 19:57:38 Asia/Kolkata] Connecting to DB: localhost/ludo_tournament with user: ludo_user
[31-Aug-2026 19:57:41 Asia/Kolkata] Connecting to DB: localhost/ludo_tournament with user: ludo_user
[31-Aug-2026 19:57:43 Asia/Kolkata] Connecting to DB: localhost/ludo_tournament with user: ludo_user
[31-Aug-2026 19:57:46 Asia/Kolkata] Connecting to DB: localhost/ludo_tournament with user: ludo_user
[31-Aug-2026 19:57:48 Asia/Kolkata] Connecting to DB: localhost/ludo_tournament with user: ludo_user
[31-Aug-2026 19:57:51 Asia/Kolkata] Connecting to DB: localhost/ludo_tournament with user: ludo_user
[31-Aug-2026 19:57:53 Asia/Kolkata] Connecting to DB: localhost/ludo_tournament with user: ludo_user
[31-Aug-2026 19:57:56 Asia/Kolkata] Connecting to DB: localhost/ludo_tournament with user: ludo_user
[31-Aug-2026 19:57:58 Asia/Kolkata] Connecting to DB: localhost/ludo_tournament with user: ludo_user
[31-Aug-2026 19:58:01 Asia/Kolkata] Connecting to DB: localhost/ludo_tournament with user: ludo_user
[31-Aug-2026 19:58:03 Asia/Kolkata] Connecting to DB: localhost/ludo_tournament with user: ludo_user
[31-Aug-2026 19:58:06 Asia/Kolkata] Connecting to DB: localhost/ludo_tournament with user: ludo_user
[31-Aug-2026 19:58:09 Asia/Kolkata] Connecting to DB: localhost/ludo_tournament with user: ludo_user
[31-Aug-2026 19:58:11 Asia/Kolkata] Connecting to DB: localhost/ludo_tournament with user: ludo_user
[31-Aug-2026 19:58:14 Asia/Kolkata] Connecting to DB: localhost/ludo_tournament with user: ludo_user
[31-Aug-2026 19:58:16 Asia/Kolkata] Connecting to DB: localhost/ludo_tournament with user: ludo_user
[31-Aug-2026 19:58:19 Asia/Kolkata] Connecting to DB: localhost/ludo_tournament with user: ludo_user
[31-Aug-2026 19:58:21 Asia/Kolkata] Connecting to DB: localhost/ludo_tournament with user: ludo_user
[31-Aug-2026 19:58:24 Asia/Kolkata] Connecting to DB: localhost/ludo_tournament with user: ludo_user
[31-Aug-2026 19:58:26 Asia/Kolkata] Connecting to DB: localhost/ludo_tournament with user: ludo_user
[31-Aug-2026 19:58:29 Asia/Kolkata] Connecting to DB: localhost/ludo_tournament with user: ludo_user
[31-Aug-2026 19:58:31 Asia/Kolkata] Connecting to DB: localhost/ludo_tournament with user: ludo_user
[31-Aug-2026 19:58:34 Asia/Kolkata] Connecting to DB: localhost/ludo_tournament with user: ludo_user
[31-Aug-2026 19:58:36 Asia/Kolkata] Connecting to DB: localhost/ludo_tournament with user: ludo_user
[31-Aug-2026 19:58:39 Asia/Kolkata] Connecting to DB: localhost/ludo_tournament with user: ludo_user
[31-Aug-2026 19:58:41 Asia/Kolkata] Connecting to DB: localhost/ludo_tournament with user: ludo_user
[31-Aug-2026 19:58:44 Asia/Kolkata] Connecting to DB: localhost/ludo_tournament with user: ludo_user
[31-Aug-2026 19:58:46 Asia/Kolkata] Connecting to DB: localhost/ludo_tournament with user: ludo_user
[31-Aug-2026 19:58:49 Asia/Kolkata] Connecting to DB: localhost/ludo_tournament with user: ludo_user
[31-Aug-2026 19:58:51 Asia/Kolkata] Connecting to DB: localhost/ludo_tournament with user: ludo_user
[31-Aug-2026 19:58:54 Asia/Kolkata] Connecting to DB: localhost/ludo_tournament with user: ludo_user
[31-Aug-2026 19:58:56 Asia/Kolkata] Connecting to DB: localhost/ludo_tournament with user: ludo_user
[31-Aug-2026 19:58:59 Asia/Kolkata] Connecting to DB: localhost/ludo_tournament with user: ludo_user
[31-Aug-2026 19:59:01 Asia/Kolkata] Connecting to DB: localhost/ludo_tournament with user: ludo_user
[31-Aug-2026 19:59:04 Asia/Kolkata] Connecting to DB: localhost/ludo_tournament with user: ludo_user
[31-Aug-2026 19:59:45 Asia/Kolkata] Connecting to DB: localhost/ludo_tournament with user: ludo_user
[31-Aug-2026 20:00:45 Asia/Kolkata] Connecting to DB: localhost/ludo_tournament with user: ludo_user
[31-Aug-2026 20:01:45 Asia/Kolkata] Connecting to DB: localhost/ludo_tournament with user: ludo_user
[31-Aug-2026 20:02:45 Asia/Kolkata] Connecting to DB: localhost/ludo_tournament with user: ludo_user
[31-Aug-2026 20:03:45 Asia/Kolkata] Connecting to DB: localhost/ludo_tournament with user: ludo_user
[31-Aug-2026 20:04:43 Asia/Kolkata] Connecting to DB: localhost/ludo_tournament with user: ludo_user
[31-Aug-2026 20:04:43 Asia/Kolkata] Connecting to DB: localhost/ludo_tournament with user: ludo_user
[31-Aug-2026 20:04:46 Asia/Kolkata] Connecting to DB: localhost/ludo_tournament with user: ludo_user
[31-Aug-2026 20:04:49 Asia/Kolkata] Connecting to DB: localhost/ludo_tournament with user: ludo_user
[31-Aug-2026 20:04:51 Asia/Kolkata] Connecting to DB: localhost/ludo_tournament with user: ludo_user
[31-Aug-2026 20:04:54 Asia/Kolkata] Connecting to DB: localhost/ludo_tournament with user: ludo_user
[31-Aug-2026 20:04:56 Asia/Kolkata] Connecting to DB: localhost/ludo_tournament with user: ludo_user
[31-Aug-2026 20:04:59 Asia/Kolkata] Connecting to DB: localhost/ludo_tournament with user: ludo_user
[31-Aug-2026 20:05:01 Asia/Kolkata] Connecting to DB: localhost/ludo_tournament with user: ludo_user
[31-Aug-2026 20:05:04 Asia/Kolkata] Connecting to DB: localhost/ludo_tournament with user: ludo_user
[31-Aug-2026 20:05:06 Asia/Kolkata] Connecting to DB: localhost/ludo_tournament with user: ludo_user
[31-Aug-2026 20:05:09 Asia/Kolkata] Connecting to DB: localhost/ludo_tournament with user: ludo_user
[31-Aug-2026 20:05:11 Asia/Kolkata] Connecting to DB: localhost/ludo_tournament with user: ludo_user
[31-Aug-2026 20:05:14 Asia/Kolkata] Connecting to DB: localhost/ludo_tournament with user: ludo_user
[31-Aug-2026 20:05:16 Asia/Kolkata] Connecting to DB: localhost/ludo_tournament with user: ludo_user
[31-Aug-2026 20:05:19 Asia/Kolkata] Connecting to DB: localhost/ludo_tournament with user: ludo_user
[31-Aug-2026 20:05:21 Asia/Kolkata] Connecting to DB: localhost/ludo_tournament with user: ludo_user
[31-Aug-2026 20:05:24 Asia/Kolkata] Connecting to DB: localhost/ludo_tournament with user: ludo_user
[31-Aug-2026 20:05:26 Asia/Kolkata] Connecting to DB: localhost/ludo_tournament with user: ludo_user
[31-Aug-2026 20:05:29 Asia/Kolkata] Connecting to DB: localhost/ludo_tournament with user: ludo_user
[31-Aug-2026 20:05:31 Asia/Kolkata] Connecting to DB: localhost/ludo_tournament with user: ludo_user
[31-Aug-2026 20:05:34 Asia/Kolkata] Connecting to DB: localhost/ludo_tournament with user: ludo_user
[31-Aug-2026 20:05:36 Asia/Kolkata] Connecting to DB: localhost/ludo_tournament with user: ludo_user
[31-Aug-2026 20:05:39 Asia/Kolkata] Connecting to DB: localhost/ludo_tournament with user: ludo_user
[31-Aug-2026 20:05:41 Asia/Kolkata] Connecting to DB: localhost/ludo_tournament with user: ludo_user
[31-Aug-2026 20:05:44 Asia/Kolkata] Connecting to DB: localhost/ludo_tournament with user: ludo_user
[31-Aug-2026 20:05:59 Asia/Kolkata] Connecting to DB: localhost/ludo_tournament with user: ludo_user
[31-Aug-2026 20:06:07 Asia/Kolkata] Connecting to DB: localhost/ludo_tournament with user: ludo_user
[31-Aug-2026 20:06:08 Asia/Kolkata] Connecting to DB: localhost/ludo_tournament with user: ludo_user
[31-Aug-2026 20:06:11 Asia/Kolkata] Connecting to DB: localhost/ludo_tournament with user: ludo_user
[31-Aug-2026 20:06:14 Asia/Kolkata] Connecting to DB: localhost/ludo_tournament with user: ludo_user
[31-Aug-2026 20:06:28 Asia/Kolkata] Connecting to DB: localhost/ludo_tournament with user: ludo_user
[31-Aug-2026 20:06:28 Asia/Kolkata] Connecting to DB: localhost/ludo_tournament with user: ludo_user
[31-Aug-2026 20:06:29 Asia/Kolkata] Connecting to DB: localhost/ludo_tournament with user: ludo_user
[31-Aug-2026 20:06:29 Asia/Kolkata] Connecting to DB: localhost/ludo_tournament with user: ludo_user
[31-Aug-2026 20:06:45 Asia/Kolkata] Connecting to DB: localhost/ludo_tournament with user: ludo_user
[31-Aug-2026 20:07:45 Asia/Kolkata] Connecting to DB: localhost/ludo_tournament with user: ludo_user
[31-Aug-2026 20:08:45 Asia/Kolkata] Connecting to DB: localhost/ludo_tournament with user: ludo_user
[31-Aug-2026 20:09:45 Asia/Kolkata] Connecting to DB: localhost/ludo_tournament with user: ludo_user
[31-Aug-2026 20:10:45 Asia/Kolkata] Connecting to DB: localhost/ludo_tournament with user: ludo_user
[31-Aug-2026 20:11:29 Asia/Kolkata] Connecting to DB: localhost/ludo_tournament with user: ludo_user
[31-Aug-2026 20:11:45 Asia/Kolkata] Connecting to DB: localhost/ludo_tournament with user: ludo_user
[31-Aug-2026 20:12:02 Asia/Kolkata] Connecting to DB: localhost/ludo_tournament with user: ludo_user
[31-Aug-2026 20:12:45 Asia/Kolkata] Connecting to DB: localhost/ludo_tournament with user: ludo_user
[31-Aug-2026 20:13:04 Asia/Kolkata] Connecting to DB: localhost/ludo_tournament with user: ludo_user
[31-Aug-2026 20:13:04 Asia/Kolkata] PHP Fatal error:  Uncaught Error: Call to undefined function finfo_open() in /www/wwwroot/demoludo.online/api/kyc.php:232
Stack trace:
#0 /www/wwwroot/demoludo.online/api/kyc.php(154): saveKycUpload()
#1 /www/wwwroot/demoludo.online/api/kyc.php(44): handleSubmitDocument()
#2 {main}
  thrown in /www/wwwroot/demoludo.online/api/kyc.php on line 232
[31-Aug-2026 20:13:10 Asia/Kolkata] Connecting to DB: localhost/ludo_tournament with user: ludo_user
[31-Aug-2026 20:13:10 Asia/Kolkata] PHP Fatal error:  Uncaught Error: Call to undefined function finfo_open() in /www/wwwroot/demoludo.online/api/kyc.php:232
Stack trace:
#0 /www/wwwroot/demoludo.online/api/kyc.php(154): saveKycUpload()
#1 /www/wwwroot/demoludo.online/api/kyc.php(44): handleSubmitDocument()
#2 {main}
  thrown in /www/wwwroot/demoludo.online/api/kyc.php on line 232
[31-Aug-2026 20:13:14 Asia/Kolkata] Connecting to DB: localhost/ludo_tournament with user: ludo_user
[31-Aug-2026 20:13:14 Asia/Kolkata] PHP Fatal error:  Uncaught Error: Call to undefined function finfo_open() in /www/wwwroot/demoludo.online/api/kyc.php:232
Stack trace:
#0 /www/wwwroot/demoludo.online/api/kyc.php(154): saveKycUpload()
#1 /www/wwwroot/demoludo.online/api/kyc.php(44): handleSubmitDocument()
#2 {main}
  thrown in /www/wwwroot/demoludo.online/api/kyc.php on line 232
[31-Aug-2026 20:13:45 Asia/Kolkata] Connecting to DB: localhost/ludo_tournament with user: ludo_user
[31-Aug-2026 20:14:45 Asia/Kolkata] Connecting to DB: localhost/ludo_tournament with user: ludo_user
[31-Aug-2026 20:15:45 Asia/Kolkata] Connecting to DB: localhost/ludo_tournament with user: ludo_user
[31-Aug-2026 20:16:37 Asia/Kolkata] Connecting to DB: localhost/ludo_tournament with user: ludo_user
[31-Aug-2026 20:16:38 Asia/Kolkata] Connecting to DB: localhost/ludo_tournament with user: ludo_user
[31-Aug-2026 20:16:39 Asia/Kolkata] Connecting to DB: localhost/ludo_tournament with user: ludo_user
[31-Aug-2026 20:16:39 Asia/Kolkata] Connecting to DB: localhost/ludo_tournament with user: ludo_user
[31-Aug-2026 20:16:39 Asia/Kolkata] Connecting to DB: localhost/ludo_tournament with user: ludo_user
[31-Aug-2026 20:16:41 Asia/Kolkata] Connecting to DB: localhost/ludo_tournament with user: ludo_user
[31-Aug-2026 20:16:44 Asia/Kolkata] Connecting to DB: localhost/ludo_tournament with user: ludo_user
[31-Aug-2026 20:29:08 Asia/Kolkata] Connecting to DB: localhost/ludo_tournament with user: ludo_user
[31-Aug-2026 20:29:08 Asia/Kolkata] PHP Fatal error:  Uncaught Error: Call to undefined function finfo_open() in /www/wwwroot/demoludo.online/api/kyc.php:232
Stack trace:
#0 /www/wwwroot/demoludo.online/api/kyc.php(154): saveKycUpload()
#1 /www/wwwroot/demoludo.online/api/kyc.php(44): handleSubmitDocument()
#2 {main}
  thrown in /www/wwwroot/demoludo.online/api/kyc.php on line 232
[31-Aug-2026 20:35:25 Asia/Kolkata] Connecting to DB: localhost/ludo_tournament with user: ludo_user
[31-Aug-2026 20:35:25 Asia/Kolkata] Connecting to DB: localhost/ludo_tournament with user: ludo_user
[31-Aug-2026 20:35:25 Asia/Kolkata] Connecting to DB: localhost/ludo_tournament with user: ludo_user
[31-Aug-2026 20:35:27 Asia/Kolkata] Connecting to DB: localhost/ludo_tournament with user: ludo_user
[31-Aug-2026 20:35:29 Asia/Kolkata] Connecting to DB: localhost/ludo_tournament with user: ludo_user
[31-Aug-2026 20:35:30 Asia/Kolkata] Connecting to DB: localhost/ludo_tournament with user: ludo_user
[31-Aug-2026 20:35:30 Asia/Kolkata] Connecting to DB: localhost/ludo_tournament with user: ludo_user
[31-Aug-2026 20:35:30 Asia/Kolkata] Connecting to DB: localhost/ludo_tournament with user: ludo_user
[31-Aug-2026 20:38:59 Asia/Kolkata] Connecting to DB: localhost/ludo_tournament with user: ludo_user
[31-Aug-2026 20:39:08 Asia/Kolkata] Connecting to DB: localhost/ludo_tournament with user: ludo_user
[31-Aug-2026 20:39:09 Asia/Kolkata] Connecting to DB: localhost/ludo_tournament with user: ludo_user
[31-Aug-2026 20:39:11 Asia/Kolkata] Connecting to DB: localhost/ludo_tournament with user: ludo_user
[31-Aug-2026 20:39:13 Asia/Kolkata] Connecting to DB: localhost/ludo_tournament with user: ludo_user
[31-Aug-2026 20:39:13 Asia/Kolkata] Connecting to DB: localhost/ludo_tournament with user: ludo_user
[31-Aug-2026 20:39:13 Asia/Kolkata] Connecting to DB: localhost/ludo_tournament with user: ludo_user
[31-Aug-2026 20:39:13 Asia/Kolkata] Connecting to DB: localhost/ludo_tournament with user: ludo_user
[31-Aug-2026 20:41:58 Asia/Kolkata] Connecting to DB: localhost/ludo_tournament with user: ludo_user
[31-Aug-2026 20:42:02 Asia/Kolkata] Connecting to DB: localhost/ludo_tournament with user: ludo_user
[31-Aug-2026 20:42:27 Asia/Kolkata] Connecting to DB: localhost/ludo_tournament with user: ludo_user
[31-Aug-2026 20:42:27 Asia/Kolkata] Connecting to DB: localhost/ludo_tournament with user: ludo_user
[31-Aug-2026 20:42:31 Asia/Kolkata] Connecting to DB: localhost/ludo_tournament with user: ludo_user
[31-Aug-2026 20:42:31 Asia/Kolkata] Connecting to DB: localhost/ludo_tournament with user: ludo_user
[31-Aug-2026 20:42:43 Asia/Kolkata] Connecting to DB: localhost/ludo_tournament with user: ludo_user
[31-Aug-2026 20:42:43 Asia/Kolkata] Connecting to DB: localhost/ludo_tournament with user: ludo_user
[31-Aug-2026 20:42:44 Asia/Kolkata] Connecting to DB: localhost/ludo_tournament with user: ludo_user
[31-Aug-2026 20:42:47 Asia/Kolkata] Connecting to DB: localhost/ludo_tournament with user: ludo_user
[31-Aug-2026 20:42:49 Asia/Kolkata] Connecting to DB: localhost/ludo_tournament with user: ludo_user
[31-Aug-2026 20:42:52 Asia/Kolkata] Connecting to DB: localhost/ludo_tournament with user: ludo_user
[31-Aug-2026 20:42:57 Asia/Kolkata] Connecting to DB: localhost/ludo_tournament with user: ludo_user
[31-Aug-2026 20:42:57 Asia/Kolkata] Connecting to DB: localhost/ludo_tournament with user: ludo_user
[31-Aug-2026 20:43:05 Asia/Kolkata] Connecting to DB: localhost/ludo_tournament with user: ludo_user
[31-Aug-2026 20:43:05 Asia/Kolkata] Connecting to DB: localhost/ludo_tournament with user: ludo_user
[31-Aug-2026 20:43:08 Asia/Kolkata] Connecting to DB: localhost/ludo_tournament with user: ludo_user
[31-Aug-2026 20:43:08 Asia/Kolkata] Connecting to DB: localhost/ludo_tournament with user: ludo_user
[31-Aug-2026 20:43:08 Asia/Kolkata] Connecting to DB: localhost/ludo_tournament with user: ludo_user
[31-Aug-2026 20:43:11 Asia/Kolkata] Connecting to DB: localhost/ludo_tournament with user: ludo_user
[31-Aug-2026 20:43:14 Asia/Kolkata] Connecting to DB: localhost/ludo_tournament with user: ludo_user
[31-Aug-2026 20:43:16 Asia/Kolkata] Connecting to DB: localhost/ludo_tournament with user: ludo_user
[31-Aug-2026 20:44:15 Asia/Kolkata] Connecting to DB: localhost/ludo_tournament with user: ludo_user
[31-Aug-2026 20:44:15 Asia/Kolkata] Connecting to DB: localhost/ludo_tournament with user: ludo_user
[31-Aug-2026 20:44:15 Asia/Kolkata] Connecting to DB: localhost/ludo_tournament with user: ludo_user
[31-Aug-2026 20:44:18 Asia/Kolkata] Connecting to DB: localhost/ludo_tournament with user: ludo_user
[31-Aug-2026 20:44:20 Asia/Kolkata] Connecting to DB: localhost/ludo_tournament with user: ludo_user
[31-Aug-2026 20:44:23 Asia/Kolkata] Connecting to DB: localhost/ludo_tournament with user: ludo_user
[31-Aug-2026 20:44:23 Asia/Kolkata] Connecting to DB: localhost/ludo_tournament with user: ludo_user
[31-Aug-2026 20:44:24 Asia/Kolkata] Connecting to DB: localhost/ludo_tournament with user: ludo_user
[31-Aug-2026 20:44:24 Asia/Kolkata] Connecting to DB: localhost/ludo_tournament with user: ludo_user
[31-Aug-2026 20:44:24 Asia/Kolkata] Connecting to DB: localhost/ludo_tournament with user: ludo_user
[31-Aug-2026 21:02:49 Asia/Kolkata] Connecting to DB: localhost/ludo_tournament with user: ludo_user
[31-Aug-2026 21:02:49 Asia/Kolkata] Connecting to DB: localhost/ludo_tournament with user: ludo_user
[31-Aug-2026 21:02:49 Asia/Kolkata] Connecting to DB: localhost/ludo_tournament with user: ludo_user
[31-Aug-2026 21:02:56 Asia/Kolkata] Connecting to DB: localhost/ludo_tournament with user: ludo_user
[31-Aug-2026 21:02:56 Asia/Kolkata] Connecting to DB: localhost/ludo_tournament with user: ludo_user
[31-Aug-2026 21:02:58 Asia/Kolkata] Connecting to DB: localhost/ludo_tournament with user: ludo_user
[31-Aug-2026 21:02:58 Asia/Kolkata] Connecting to DB: localhost/ludo_tournament with user: ludo_user
[31-Aug-2026 21:02:59 Asia/Kolkata] Connecting to DB: localhost/ludo_tournament with user: ludo_user
[31-Aug-2026 21:03:04 Asia/Kolkata] Connecting to DB: localhost/ludo_tournament with user: ludo_user
[31-Aug-2026 21:03:04 Asia/Kolkata] Connecting to DB: localhost/ludo_tournament with user: ludo_user
[31-Aug-2026 21:03:08 Asia/Kolkata] Connecting to DB: localhost/ludo_tournament with user: ludo_user
[31-Aug-2026 21:03:08 Asia/Kolkata] Connecting to DB: localhost/ludo_tournament with user: ludo_user
[31-Aug-2026 21:03:09 Asia/Kolkata] Connecting to DB: localhost/ludo_tournament with user: ludo_user
[31-Aug-2026 21:03:11 Asia/Kolkata] Connecting to DB: localhost/ludo_tournament with user: ludo_user
[31-Aug-2026 21:03:11 Asia/Kolkata] Connecting to DB: localhost/ludo_tournament with user: ludo_user
[31-Aug-2026 21:03:37 Asia/Kolkata] Connecting to DB: localhost/ludo_tournament with user: ludo_user
[31-Aug-2026 21:03:37 Asia/Kolkata] Connecting to DB: localhost/ludo_tournament with user: ludo_user
[31-Aug-2026 21:03:37 Asia/Kolkata] Connecting to DB: localhost/ludo_tournament with user: ludo_user
[31-Aug-2026 21:03:43 Asia/Kolkata] Connecting to DB: localhost/ludo_tournament with user: ludo_user
[31-Aug-2026 21:03:44 Asia/Kolkata] Connecting to DB: localhost/ludo_tournament with user: ludo_user
[31-Aug-2026 21:03:45 Asia/Kolkata] Connecting to DB: localhost/ludo_tournament with user: ludo_user
[31-Aug-2026 21:03:46 Asia/Kolkata] Connecting to DB: localhost/ludo_tournament with user: ludo_user
[31-Aug-2026 21:03:46 Asia/Kolkata] Connecting to DB: localhost/ludo_tournament with user: ludo_user
[31-Aug-2026 21:03:47 Asia/Kolkata] Connecting to DB: localhost/ludo_tournament with user: ludo_user
[31-Aug-2026 21:03:48 Asia/Kolkata] Connecting to DB: localhost/ludo_tournament with user: ludo_user
[31-Aug-2026 21:03:48 Asia/Kolkata] Connecting to DB: localhost/ludo_tournament with user: ludo_user
[31-Aug-2026 21:03:50 Asia/Kolkata] Connecting to DB: localhost/ludo_tournament with user: ludo_user
[31-Aug-2026 21:03:50 Asia/Kolkata] Connecting to DB: localhost/ludo_tournament with user: ludo_user
[31-Aug-2026 21:03:52 Asia/Kolkata] Connecting to DB: localhost/ludo_tournament with user: ludo_user
[31-Aug-2026 21:03:52 Asia/Kolkata] Connecting to DB: localhost/ludo_tournament with user: ludo_user
[31-Aug-2026 21:04:01 Asia/Kolkata] Connecting to DB: localhost/ludo_tournament with user: ludo_user
[31-Aug-2026 21:29:34 Asia/Kolkata] Connecting to DB: localhost/ludo_tournament with user: ludo_user
[01-Sep-2026 05:22:00 Asia/Kolkata] Connecting to DB: localhost/ludo_tournament with user: ludo_user
[01-Sep-2026 06:30:27 Asia/Kolkata] Connecting to DB: localhost/ludo_tournament with user: ludo_user
[02-Sep-2026 05:20:09 Asia/Kolkata] Connecting to DB: localhost/ludo_tournament with user: ludo_user
[02-Sep-2026 05:44:18 Asia/Kolkata] Connecting to DB: localhost/ludo_tournament with user: ludo_user
[03-Sep-2026 13:42:18 Asia/Kolkata] PHP Fatal error:  Uncaught Error: Call to undefined function finalizeTimedRoom() in /www/wwwroot/zupeex.in/api/game.php:141
Stack trace:
#0 /www/wwwroot/zupeex.in/api/game.php(97): handleGetGameState()
#1 {main}
  thrown in /www/wwwroot/zupeex.in/api/game.php on line 141
[03-Sep-2026 13:42:19 Asia/Kolkata] PHP Fatal error:  Uncaught Error: Call to undefined function finalizeTimedRoom() in /www/wwwroot/zupeex.in/api/game.php:141
Stack trace:
#0 /www/wwwroot/zupeex.in/api/game.php(97): handleGetGameState()
#1 {main}
  thrown in /www/wwwroot/zupeex.in/api/game.php on line 141
[03-Sep-2026 13:42:21 Asia/Kolkata] PHP Fatal error:  Uncaught Error: Call to undefined function finalizeTimedRoom() in /www/wwwroot/zupeex.in/api/game.php:141
Stack trace:
#0 /www/wwwroot/zupeex.in/api/game.php(97): handleGetGameState()
#1 {main}
  thrown in /www/wwwroot/zupeex.in/api/game.php on line 141
[03-Sep-2026 13:42:22 Asia/Kolkata] PHP Fatal error:  Uncaught Error: Call to undefined function finalizeTimedRoom() in /www/wwwroot/zupeex.in/api/game.php:141
Stack trace:
#0 /www/wwwroot/zupeex.in/api/game.php(97): handleGetGameState()
#1 {main}
  thrown in /www/wwwroot/zupeex.in/api/game.php on line 141
[03-Sep-2026 13:42:23 Asia/Kolkata] PHP Fatal error:  Uncaught Error: Call to undefined function finalizeTimedRoom() in /www/wwwroot/zupeex.in/api/game.php:141
Stack trace:
#0 /www/wwwroot/zupeex.in/api/game.php(97): handleGetGameState()
#1 {main}
  thrown in /www/wwwroot/zupeex.in/api/game.php on line 141
[03-Sep-2026 13:42:24 Asia/Kolkata] PHP Fatal error:  Uncaught Error: Call to undefined function finalizeTimedRoom() in /www/wwwroot/zupeex.in/api/game.php:141
Stack trace:
#0 /www/wwwroot/zupeex.in/api/game.php(97): handleGetGameState()
#1 {main}
  thrown in /www/wwwroot/zupeex.in/api/game.php on line 141
[03-Sep-2026 13:42:25 Asia/Kolkata] PHP Fatal error:  Uncaught Error: Call to undefined function finalizeTimedRoom() in /www/wwwroot/zupeex.in/api/game.php:141
Stack trace:
#0 /www/wwwroot/zupeex.in/api/game.php(97): handleGetGameState()
#1 {main}
  thrown in /www/wwwroot/zupeex.in/api/game.php on line 141
[03-Sep-2026 13:42:25 Asia/Kolkata] PHP Fatal error:  Uncaught Error: Call to undefined function finalizeTimedRoom() in /www/wwwroot/zupeex.in/api/game.php:141
Stack trace:
#0 /www/wwwroot/zupeex.in/api/game.php(97): handleGetGameState()
#1 {main}
  thrown in /www/wwwroot/zupeex.in/api/game.php on line 141
[03-Sep-2026 13:42:27 Asia/Kolkata] PHP Fatal error:  Uncaught Error: Call to undefined function finalizeTimedRoom() in /www/wwwroot/zupeex.in/api/game.php:141
Stack trace:
#0 /www/wwwroot/zupeex.in/api/game.php(97): handleGetGameState()
#1 {main}
  thrown in /www/wwwroot/zupeex.in/api/game.php on line 141
[03-Sep-2026 13:42:27 Asia/Kolkata] PHP Fatal error:  Uncaught Error: Call to undefined function finalizeTimedRoom() in /www/wwwroot/zupeex.in/api/game.php:141
Stack trace:
#0 /www/wwwroot/zupeex.in/api/game.php(97): handleGetGameState()
#1 {main}
  thrown in /www/wwwroot/zupeex.in/api/game.php on line 141
[03-Sep-2026 13:42:29 Asia/Kolkata] PHP Fatal error:  Uncaught Error: Call to undefined function finalizeTimedRoom() in /www/wwwroot/zupeex.in/api/game.php:141
Stack trace:
#0 /www/wwwroot/zupeex.in/api/game.php(97): handleGetGameState()
#1 {main}
  thrown in /www/wwwroot/zupeex.in/api/game.php on line 141
[03-Sep-2026 13:42:30 Asia/Kolkata] PHP Fatal error:  Uncaught Error: Call to undefined function finalizeTimedRoom() in /www/wwwroot/zupeex.in/api/game.php:141
Stack trace:
#0 /www/wwwroot/zupeex.in/api/game.php(97): handleGetGameState()
#1 {main}
  thrown in /www/wwwroot/zupeex.in/api/game.php on line 141
[03-Sep-2026 13:42:30 Asia/Kolkata] PHP Fatal error:  Uncaught Error: Call to undefined function finalizeTimedRoom() in /www/wwwroot/zupeex.in/api/game.php:141
Stack trace:
#0 /www/wwwroot/zupeex.in/api/game.php(97): handleGetGameState()
#1 {main}
  thrown in /www/wwwroot/zupeex.in/api/game.php on line 141
[03-Sep-2026 13:42:31 Asia/Kolkata] PHP Fatal error:  Uncaught Error: Call to undefined function finalizeTimedRoom() in /www/wwwroot/zupeex.in/api/game.php:141
Stack trace:
#0 /www/wwwroot/zupeex.in/api/game.php(97): handleGetGameState()
#1 {main}
  thrown in /www/wwwroot/zupeex.in/api/game.php on line 141
[03-Sep-2026 13:42:33 Asia/Kolkata] PHP Fatal error:  Uncaught Error: Call to undefined function finalizeTimedRoom() in /www/wwwroot/zupeex.in/api/game.php:141
Stack trace:
#0 /www/wwwroot/zupeex.in/api/game.php(97): handleGetGameState()
#1 {main}
  thrown in /www/wwwroot/zupeex.in/api/game.php on line 141
[03-Sep-2026 13:42:34 Asia/Kolkata] PHP Fatal error:  Uncaught Error: Call to undefined function finalizeTimedRoom() in /www/wwwroot/zupeex.in/api/game.php:141
Stack trace:
#0 /www/wwwroot/zupeex.in/api/game.php(97): handleGetGameState()
#1 {main}
  thrown in /www/wwwroot/zupeex.in/api/game.php on line 141
[03-Sep-2026 13:42:35 Asia/Kolkata] PHP Fatal error:  Uncaught Error: Call to undefined function finalizeTimedRoom() in /www/wwwroot/zupeex.in/api/game.php:141
Stack trace:
#0 /www/wwwroot/zupeex.in/api/game.php(97): handleGetGameState()
#1 {main}
  thrown in /www/wwwroot/zupeex.in/api/game.php on line 141
[03-Sep-2026 13:42:35 Asia/Kolkata] PHP Fatal error:  Uncaught Error: Call to undefined function finalizeTimedRoom() in /www/wwwroot/zupeex.in/api/game.php:141
Stack trace:
#0 /www/wwwroot/zupeex.in/api/game.php(97): handleGetGameState()
#1 {main}
  thrown in /www/wwwroot/zupeex.in/api/game.php on line 141
[03-Sep-2026 13:42:37 Asia/Kolkata] PHP Fatal error:  Uncaught Error: Call to undefined function finalizeTimedRoom() in /www/wwwroot/zupeex.in/api/game.php:141
Stack trace:
#0 /www/wwwroot/zupeex.in/api/game.php(97): handleGetGameState()
#1 {main}
  thrown in /www/wwwroot/zupeex.in/api/game.php on line 141
[03-Sep-2026 13:42:37 Asia/Kolkata] PHP Fatal error:  Uncaught Error: Call to undefined function finalizeTimedRoom() in /www/wwwroot/zupeex.in/api/game.php:141
Stack trace:
#0 /www/wwwroot/zupeex.in/api/game.php(97): handleGetGameState()
#1 {main}
  thrown in /www/wwwroot/zupeex.in/api/game.php on line 141
[03-Sep-2026 13:42:39 Asia/Kolkata] PHP Fatal error:  Uncaught Error: Call to undefined function finalizeTimedRoom() in /www/wwwroot/zupeex.in/api/game.php:141
Stack trace:
#0 /www/wwwroot/zupeex.in/api/game.php(97): handleGetGameState()
#1 {main}
  thrown in /www/wwwroot/zupeex.in/api/game.php on line 141
[03-Sep-2026 13:42:40 Asia/Kolkata] PHP Fatal error:  Uncaught Error: Call to undefined function finalizeTimedRoom() in /www/wwwroot/zupeex.in/api/game.php:141
Stack trace:
#0 /www/wwwroot/zupeex.in/api/game.php(97): handleGetGameState()
#1 {main}
  thrown in /www/wwwroot/zupeex.in/api/game.php on line 141
[03-Sep-2026 13:42:41 Asia/Kolkata] PHP Fatal error:  Uncaught Error: Call to undefined function finalizeTimedRoom() in /www/wwwroot/zupeex.in/api/game.php:141
Stack trace:
#0 /www/wwwroot/zupeex.in/api/game.php(97): handleGetGameState()
#1 {main}
  thrown in /www/wwwroot/zupeex.in/api/game.php on line 141
[03-Sep-2026 13:42:42 Asia/Kolkata] PHP Fatal error:  Uncaught Error: Call to undefined function finalizeTimedRoom() in /www/wwwroot/zupeex.in/api/game.php:141
Stack trace:
#0 /www/wwwroot/zupeex.in/api/game.php(97): handleGetGameState()
#1 {main}
  thrown in /www/wwwroot/zupeex.in/api/game.php on line 141
[03-Sep-2026 13:42:43 Asia/Kolkata] PHP Fatal error:  Uncaught Error: Call to undefined function finalizeTimedRoom() in /www/wwwroot/zupeex.in/api/game.php:141
Stack trace:
#0 /www/wwwroot/zupeex.in/api/game.php(97): handleGetGameState()
#1 {main}
  thrown in /www/wwwroot/zupeex.in/api/game.php on line 141
[03-Sep-2026 13:42:44 Asia/Kolkata] PHP Fatal error:  Uncaught Error: Call to undefined function finalizeTimedRoom() in /www/wwwroot/zupeex.in/api/game.php:141
Stack trace:
#0 /www/wwwroot/zupeex.in/api/game.php(97): handleGetGameState()
#1 {main}
  thrown in /www/wwwroot/zupeex.in/api/game.php on line 141
[03-Sep-2026 13:42:45 Asia/Kolkata] PHP Fatal error:  Uncaught Error: Call to undefined function finalizeTimedRoom() in /www/wwwroot/zupeex.in/api/game.php:141
Stack trace:
#0 /www/wwwroot/zupeex.in/api/game.php(97): handleGetGameState()
#1 {main}
  thrown in /www/wwwroot/zupeex.in/api/game.php on line 141
[03-Sep-2026 13:42:45 Asia/Kolkata] PHP Fatal error:  Uncaught Error: Call to undefined function finalizeTimedRoom() in /www/wwwroot/zupeex.in/api/game.php:141
Stack trace:
#0 /www/wwwroot/zupeex.in/api/game.php(97): handleGetGameState()
#1 {main}
  thrown in /www/wwwroot/zupeex.in/api/game.php on line 141
[03-Sep-2026 13:42:47 Asia/Kolkata] PHP Fatal error:  Uncaught Error: Call to undefined function finalizeTimedRoom() in /www/wwwroot/zupeex.in/api/game.php:141
Stack trace:
#0 /www/wwwroot/zupeex.in/api/game.php(97): handleGetGameState()
#1 {main}
  thrown in /www/wwwroot/zupeex.in/api/game.php on line 141
[03-Sep-2026 13:42:48 Asia/Kolkata] PHP Fatal error:  Uncaught Error: Call to undefined function finalizeTimedRoom() in /www/wwwroot/zupeex.in/api/game.php:141
Stack trace:
#0 /www/wwwroot/zupeex.in/api/game.php(97): handleGetGameState()
#1 {main}
  thrown in /www/wwwroot/zupeex.in/api/game.php on line 141
[03-Sep-2026 13:42:49 Asia/Kolkata] PHP Fatal error:  Uncaught Error: Call to undefined function finalizeTimedRoom() in /www/wwwroot/zupeex.in/api/game.php:141
Stack trace:
#0 /www/wwwroot/zupeex.in/api/game.php(97): handleGetGameState()
#1 {main}
  thrown in /www/wwwroot/zupeex.in/api/game.php on line 141
[03-Sep-2026 13:42:49 Asia/Kolkata] PHP Fatal error:  Uncaught Error: Call to undefined function finalizeTimedRoom() in /www/wwwroot/zupeex.in/api/game.php:141
Stack trace:
#0 /www/wwwroot/zupeex.in/api/game.php(97): handleGetGameState()
#1 {main}
  thrown in /www/wwwroot/zupeex.in/api/game.php on line 141
[03-Sep-2026 13:42:51 Asia/Kolkata] PHP Fatal error:  Uncaught Error: Call to undefined function finalizeTimedRoom() in /www/wwwroot/zupeex.in/api/game.php:141
Stack trace:
#0 /www/wwwroot/zupeex.in/api/game.php(97): handleGetGameState()
#1 {main}
  thrown in /www/wwwroot/zupeex.in/api/game.php on line 141
[03-Sep-2026 13:42:51 Asia/Kolkata] PHP Fatal error:  Uncaught Error: Call to undefined function finalizeTimedRoom() in /www/wwwroot/zupeex.in/api/game.php:141
Stack trace:
#0 /www/wwwroot/zupeex.in/api/game.php(97): handleGetGameState()
#1 {main}
  thrown in /www/wwwroot/zupeex.in/api/game.php on line 141
[03-Sep-2026 13:42:53 Asia/Kolkata] PHP Fatal error:  Uncaught Error: Call to undefined function finalizeTimedRoom() in /www/wwwroot/zupeex.in/api/game.php:141
Stack trace:
#0 /www/wwwroot/zupeex.in/api/game.php(97): handleGetGameState()
#1 {main}
  thrown in /www/wwwroot/zupeex.in/api/game.php on line 141
[03-Sep-2026 13:42:54 Asia/Kolkata] PHP Fatal error:  Uncaught Error: Call to undefined function finalizeTimedRoom() in /www/wwwroot/zupeex.in/api/game.php:141
Stack trace:
#0 /www/wwwroot/zupeex.in/api/game.php(97): handleGetGameState()
#1 {main}
  thrown in /www/wwwroot/zupeex.in/api/game.php on line 141
[03-Sep-2026 13:42:55 Asia/Kolkata] PHP Fatal error:  Uncaught Error: Call to undefined function finalizeTimedRoom() in /www/wwwroot/zupeex.in/api/game.php:141
Stack trace:
#0 /www/wwwroot/zupeex.in/api/game.php(97): handleGetGameState()
#1 {main}
  thrown in /www/wwwroot/zupeex.in/api/game.php on line 141
[03-Sep-2026 13:42:56 Asia/Kolkata] PHP Fatal error:  Uncaught Error: Call to undefined function finalizeTimedRoom() in /www/wwwroot/zupeex.in/api/game.php:141
Stack trace:
#0 /www/wwwroot/zupeex.in/api/game.php(97): handleGetGameState()
#1 {main}
  thrown in /www/wwwroot/zupeex.in/api/game.php on line 141
[03-Sep-2026 13:42:57 Asia/Kolkata] PHP Fatal error:  Uncaught Error: Call to undefined function finalizeTimedRoom() in /www/wwwroot/zupeex.in/api/game.php:141
Stack trace:
#0 /www/wwwroot/zupeex.in/api/game.php(97): handleGetGameState()
#1 {main}
  thrown in /www/wwwroot/zupeex.in/api/game.php on line 141
[03-Sep-2026 13:42:58 Asia/Kolkata] PHP Fatal error:  Uncaught Error: Call to undefined function finalizeTimedRoom() in /www/wwwroot/zupeex.in/api/game.php:141
Stack trace:
#0 /www/wwwroot/zupeex.in/api/game.php(97): handleGetGameState()
#1 {main}
  thrown in /www/wwwroot/zupeex.in/api/game.php on line 141
[03-Sep-2026 13:42:59 Asia/Kolkata] PHP Fatal error:  Uncaught Error: Call to undefined function finalizeTimedRoom() in /www/wwwroot/zupeex.in/api/game.php:141
Stack trace:
#0 /www/wwwroot/zupeex.in/api/game.php(97): handleGetGameState()
#1 {main}
  thrown in /www/wwwroot/zupeex.in/api/game.php on line 141
[03-Sep-2026 13:42:59 Asia/Kolkata] PHP Fatal error:  Uncaught Error: Call to undefined function finalizeTimedRoom() in /www/wwwroot/zupeex.in/api/game.php:141
Stack trace:
#0 /www/wwwroot/zupeex.in/api/game.php(97): handleGetGameState()
#1 {main}
  thrown in /www/wwwroot/zupeex.in/api/game.php on line 141
[03-Sep-2026 13:43:01 Asia/Kolkata] PHP Fatal error:  Uncaught Error: Call to undefined function finalizeTimedRoom() in /www/wwwroot/zupeex.in/api/game.php:141
Stack trace:
#0 /www/wwwroot/zupeex.in/api/game.php(97): handleGetGameState()
#1 {main}
  thrown in /www/wwwroot/zupeex.in/api/game.php on line 141
[03-Sep-2026 13:43:02 Asia/Kolkata] PHP Fatal error:  Uncaught Error: Call to undefined function finalizeTimedRoom() in /www/wwwroot/zupeex.in/api/game.php:141
Stack trace:
#0 /www/wwwroot/zupeex.in/api/game.php(97): handleGetGameState()
#1 {main}
  thrown in /www/wwwroot/zupeex.in/api/game.php on line 141
[03-Sep-2026 13:43:03 Asia/Kolkata] PHP Fatal error:  Uncaught Error: Call to undefined function finalizeTimedRoom() in /www/wwwroot/zupeex.in/api/game.php:141
Stack trace:
#0 /www/wwwroot/zupeex.in/api/game.php(97): handleGetGameState()
#1 {main}
  thrown in /www/wwwroot/zupeex.in/api/game.php on line 141
[03-Sep-2026 13:43:04 Asia/Kolkata] PHP Fatal error:  Uncaught Error: Call to undefined function finalizeTimedRoom() in /www/wwwroot/zupeex.in/api/game.php:141
Stack trace:
#0 /www/wwwroot/zupeex.in/api/game.php(97): handleGetGameState()
#1 {main}
  thrown in /www/wwwroot/zupeex.in/api/game.php on line 141
[03-Sep-2026 13:43:05 Asia/Kolkata] PHP Fatal error:  Uncaught Error: Call to undefined function finalizeTimedRoom() in /www/wwwroot/zupeex.in/api/game.php:141
Stack trace:
#0 /www/wwwroot/zupeex.in/api/game.php(97): handleGetGameState()
#1 {main}
  thrown in /www/wwwroot/zupeex.in/api/game.php on line 141
[03-Sep-2026 13:43:05 Asia/Kolkata] PHP Fatal error:  Uncaught Error: Call to undefined function finalizeTimedRoom() in /www/wwwroot/zupeex.in/api/game.php:141
Stack trace:
#0 /www/wwwroot/zupeex.in/api/game.php(97): handleGetGameState()
#1 {main}
  thrown in /www/wwwroot/zupeex.in/api/game.php on line 141
[03-Sep-2026 13:43:07 Asia/Kolkata] PHP Fatal error:  Uncaught Error: Call to undefined function finalizeTimedRoom() in /www/wwwroot/zupeex.in/api/game.php:141
Stack trace:
#0 /www/wwwroot/zupeex.in/api/game.php(97): handleGetGameState()
#1 {main}
  thrown in /www/wwwroot/zupeex.in/api/game.php on line 141
[03-Sep-2026 13:43:08 Asia/Kolkata] PHP Fatal error:  Uncaught Error: Call to undefined function finalizeTimedRoom() in /www/wwwroot/zupeex.in/api/game.php:141
Stack trace:
#0 /www/wwwroot/zupeex.in/api/game.php(97): handleGetGameState()
#1 {main}
  thrown in /www/wwwroot/zupeex.in/api/game.php on line 141
[03-Sep-2026 13:43:09 Asia/Kolkata] PHP Fatal error:  Uncaught Error: Call to undefined function finalizeTimedRoom() in /www/wwwroot/zupeex.in/api/game.php:141
Stack trace:
#0 /www/wwwroot/zupeex.in/api/game.php(97): handleGetGameState()
#1 {main}
  thrown in /www/wwwroot/zupeex.in/api/game.php on line 141
[03-Sep-2026 13:43:10 Asia/Kolkata] PHP Fatal error:  Uncaught Error: Call to undefined function finalizeTimedRoom() in /www/wwwroot/zupeex.in/api/game.php:141
Stack trace:
#0 /www/wwwroot/zupeex.in/api/game.php(97): handleGetGameState()
#1 {main}
  thrown in /www/wwwroot/zupeex.in/api/game.php on line 141
[03-Sep-2026 13:43:11 Asia/Kolkata] PHP Fatal error:  Uncaught Error: Call to undefined function finalizeTimedRoom() in /www/wwwroot/zupeex.in/api/game.php:141
Stack trace:
#0 /www/wwwroot/zupeex.in/api/game.php(97): handleGetGameState()
#1 {main}
  thrown in /www/wwwroot/zupeex.in/api/game.php on line 141
[03-Sep-2026 13:43:12 Asia/Kolkata] PHP Fatal error:  Uncaught Error: Call to undefined function finalizeTimedRoom() in /www/wwwroot/zupeex.in/api/game.php:141
Stack trace:
#0 /www/wwwroot/zupeex.in/api/game.php(97): handleGetGameState()
#1 {main}
  thrown in /www/wwwroot/zupeex.in/api/game.php on line 141
[03-Sep-2026 13:43:13 Asia/Kolkata] PHP Fatal error:  Uncaught Error: Call to undefined function finalizeTimedRoom() in /www/wwwroot/zupeex.in/api/game.php:141
Stack trace:
#0 /www/wwwroot/zupeex.in/api/game.php(97): handleGetGameState()
#1 {main}
  thrown in /www/wwwroot/zupeex.in/api/game.php on line 141
[03-Sep-2026 13:43:13 Asia/Kolkata] PHP Fatal error:  Uncaught Error: Call to undefined function finalizeTimedRoom() in /www/wwwroot/zupeex.in/api/game.php:141
Stack trace:
#0 /www/wwwroot/zupeex.in/api/game.php(97): handleGetGameState()
#1 {main}
  thrown in /www/wwwroot/zupeex.in/api/game.php on line 141
[03-Sep-2026 13:43:15 Asia/Kolkata] PHP Fatal error:  Uncaught Error: Call to undefined function finalizeTimedRoom() in /www/wwwroot/zupeex.in/api/game.php:141
Stack trace:
#0 /www/wwwroot/zupeex.in/api/game.php(97): handleGetGameState()
#1 {main}
  thrown in /www/wwwroot/zupeex.in/api/game.php on line 141
[03-Sep-2026 13:43:15 Asia/Kolkata] PHP Fatal error:  Uncaught Error: Call to undefined function finalizeTimedRoom() in /www/wwwroot/zupeex.in/api/game.php:141
Stack trace:
#0 /www/wwwroot/zupeex.in/api/game.php(97): handleGetGameState()
#1 {main}
  thrown in /www/wwwroot/zupeex.in/api/game.php on line 141
[03-Sep-2026 13:43:17 Asia/Kolkata] PHP Fatal error:  Uncaught Error: Call to undefined function finalizeTimedRoom() in /www/wwwroot/zupeex.in/api/game.php:141
Stack trace:
#0 /www/wwwroot/zupeex.in/api/game.php(97): handleGetGameState()
#1 {main}
  thrown in /www/wwwroot/zupeex.in/api/game.php on line 141
[03-Sep-2026 13:43:18 Asia/Kolkata] PHP Fatal error:  Uncaught Error: Call to undefined function finalizeTimedRoom() in /www/wwwroot/zupeex.in/api/game.php:141
Stack trace:
#0 /www/wwwroot/zupeex.in/api/game.php(97): handleGetGameState()
#1 {main}
  thrown in /www/wwwroot/zupeex.in/api/game.php on line 141
[03-Sep-2026 13:43:19 Asia/Kolkata] PHP Fatal error:  Uncaught Error: Call to undefined function finalizeTimedRoom() in /www/wwwroot/zupeex.in/api/game.php:141
Stack trace:
#0 /www/wwwroot/zupeex.in/api/game.php(97): handleGetGameState()
#1 {main}
  thrown in /www/wwwroot/zupeex.in/api/game.php on line 141
[03-Sep-2026 13:43:21 Asia/Kolkata] PHP Fatal error:  Uncaught Error: Call to undefined function finalizeTimedRoom() in /www/wwwroot/zupeex.in/api/game.php:141
Stack trace:
#0 /www/wwwroot/zupeex.in/api/game.php(97): handleGetGameState()
#1 {main}
  thrown in /www/wwwroot/zupeex.in/api/game.php on line 141
[03-Sep-2026 13:43:24 Asia/Kolkata] PHP Fatal error:  Uncaught Error: Call to undefined function finalizeTimedRoom() in /www/wwwroot/zupeex.in/api/game.php:141
Stack trace:
#0 /www/wwwroot/zupeex.in/api/game.php(97): handleGetGameState()
#1 {main}
  thrown in /www/wwwroot/zupeex.in/api/game.php on line 141
[03-Sep-2026 13:43:30 Asia/Kolkata] PHP Fatal error:  Uncaught Error: Call to undefined function finalizeTimedRoom() in /www/wwwroot/zupeex.in/api/game.php:141
Stack trace:
#0 /www/wwwroot/zupeex.in/api/game.php(97): handleGetGameState()
#1 {main}
  thrown in /www/wwwroot/zupeex.in/api/game.php on line 141
[03-Sep-2026 13:43:32 Asia/Kolkata] PHP Fatal error:  Uncaught Error: Call to undefined function finalizeTimedRoom() in /www/wwwroot/zupeex.in/api/game.php:141
Stack trace:
#0 /www/wwwroot/zupeex.in/api/game.php(97): handleGetGameState()
#1 {main}
  thrown in /www/wwwroot/zupeex.in/api/game.php on line 141
[03-Sep-2026 13:43:34 Asia/Kolkata] PHP Fatal error:  Uncaught Error: Call to undefined function finalizeTimedRoom() in /www/wwwroot/zupeex.in/api/game.php:141
Stack trace:
#0 /www/wwwroot/zupeex.in/api/game.php(97): handleGetGameState()
#1 {main}
  thrown in /www/wwwroot/zupeex.in/api/game.php on line 141
[03-Sep-2026 13:43:37 Asia/Kolkata] PHP Fatal error:  Uncaught Error: Call to undefined function finalizeTimedRoom() in /www/wwwroot/zupeex.in/api/game.php:141
Stack trace:
#0 /www/wwwroot/zupeex.in/api/game.php(97): handleGetGameState()
#1 {main}
  thrown in /www/wwwroot/zupeex.in/api/game.php on line 141
[03-Sep-2026 13:43:39 Asia/Kolkata] PHP Fatal error:  Uncaught Error: Call to undefined function finalizeTimedRoom() in /www/wwwroot/zupeex.in/api/game.php:141
Stack trace:
#0 /www/wwwroot/zupeex.in/api/game.php(97): handleGetGameState()
#1 {main}
  thrown in /www/wwwroot/zupeex.in/api/game.php on line 141
[03-Sep-2026 13:43:40 Asia/Kolkata] PHP Fatal error:  Uncaught Error: Call to undefined function finalizeTimedRoom() in /www/wwwroot/zupeex.in/api/game.php:141
Stack trace:
#0 /www/wwwroot/zupeex.in/api/game.php(97): handleGetGameState()
#1 {main}
  thrown in /www/wwwroot/zupeex.in/api/game.php on line 141
[03-Sep-2026 13:43:42 Asia/Kolkata] PHP Fatal error:  Uncaught Error: Call to undefined function finalizeTimedRoom() in /www/wwwroot/zupeex.in/api/game.php:141
Stack trace:
#0 /www/wwwroot/zupeex.in/api/game.php(97): handleGetGameState()
#1 {main}
  thrown in /www/wwwroot/zupeex.in/api/game.php on line 141
[03-Sep-2026 13:43:42 Asia/Kolkata] PHP Fatal error:  Uncaught Error: Call to undefined function finalizeTimedRoom() in /www/wwwroot/zupeex.in/api/game.php:141
Stack trace:
#0 /www/wwwroot/zupeex.in/api/game.php(97): handleGetGameState()
#1 {main}
  thrown in /www/wwwroot/zupeex.in/api/game.php on line 141
[03-Sep-2026 13:43:45 Asia/Kolkata] PHP Fatal error:  Uncaught Error: Call to undefined function finalizeTimedRoom() in /www/wwwroot/zupeex.in/api/game.php:141
Stack trace:
#0 /www/wwwroot/zupeex.in/api/game.php(97): handleGetGameState()
#1 {main}
  thrown in /www/wwwroot/zupeex.in/api/game.php on line 141
[03-Sep-2026 13:43:45 Asia/Kolkata] PHP Fatal error:  Uncaught Error: Call to undefined function finalizeTimedRoom() in /www/wwwroot/zupeex.in/api/game.php:141
Stack trace:
#0 /www/wwwroot/zupeex.in/api/game.php(97): handleGetGameState()
#1 {main}
  thrown in /www/wwwroot/zupeex.in/api/game.php on line 141
[03-Sep-2026 13:43:46 Asia/Kolkata] PHP Fatal error:  Uncaught Error: Call to undefined function finalizeTimedRoom() in /www/wwwroot/zupeex.in/api/game.php:141
Stack trace:
#0 /www/wwwroot/zupeex.in/api/game.php(97): handleGetGameState()
#1 {main}
  thrown in /www/wwwroot/zupeex.in/api/game.php on line 141
[03-Sep-2026 13:43:47 Asia/Kolkata] PHP Fatal error:  Uncaught Error: Call to undefined function finalizeTimedRoom() in /www/wwwroot/zupeex.in/api/game.php:141
Stack trace:
#0 /www/wwwroot/zupeex.in/api/game.php(97): handleGetGameState()
#1 {main}
  thrown in /www/wwwroot/zupeex.in/api/game.php on line 141
[03-Sep-2026 13:43:48 Asia/Kolkata] PHP Fatal error:  Uncaught Error: Call to undefined function finalizeTimedRoom() in /www/wwwroot/zupeex.in/api/game.php:141
Stack trace:
#0 /www/wwwroot/zupeex.in/api/game.php(97): handleGetGameState()
#1 {main}
  thrown in /www/wwwroot/zupeex.in/api/game.php on line 141
[03-Sep-2026 13:43:49 Asia/Kolkata] PHP Fatal error:  Uncaught Error: Call to undefined function finalizeTimedRoom() in /www/wwwroot/zupeex.in/api/game.php:141
Stack trace:
#0 /www/wwwroot/zupeex.in/api/game.php(97): handleGetGameState()
#1 {main}
  thrown in /www/wwwroot/zupeex.in/api/game.php on line 141
[03-Sep-2026 13:43:51 Asia/Kolkata] PHP Fatal error:  Uncaught Error: Call to undefined function finalizeTimedRoom() in /www/wwwroot/zupeex.in/api/game.php:141
Stack trace:
#0 /www/wwwroot/zupeex.in/api/game.php(97): handleGetGameState()
#1 {main}
  thrown in /www/wwwroot/zupeex.in/api/game.php on line 141
[03-Sep-2026 13:43:51 Asia/Kolkata] PHP Fatal error:  Uncaught Error: Call to undefined function finalizeTimedRoom() in /www/wwwroot/zupeex.in/api/game.php:141
Stack trace:
#0 /www/wwwroot/zupeex.in/api/game.php(97): handleGetGameState()
#1 {main}
  thrown in /www/wwwroot/zupeex.in/api/game.php on line 141
[03-Sep-2026 13:43:53 Asia/Kolkata] PHP Fatal error:  Uncaught Error: Call to undefined function finalizeTimedRoom() in /www/wwwroot/zupeex.in/api/game.php:141
Stack trace:
#0 /www/wwwroot/zupeex.in/api/game.php(97): handleGetGameState()
#1 {main}
  thrown in /www/wwwroot/zupeex.in/api/game.php on line 141
[03-Sep-2026 13:43:54 Asia/Kolkata] PHP Fatal error:  Uncaught Error: Call to undefined function finalizeTimedRoom() in /www/wwwroot/zupeex.in/api/game.php:141
Stack trace:
#0 /www/wwwroot/zupeex.in/api/game.php(97): handleGetGameState()
#1 {main}
  thrown in /www/wwwroot/zupeex.in/api/game.php on line 141
[03-Sep-2026 13:43:54 Asia/Kolkata] PHP Fatal error:  Uncaught Error: Call to undefined function finalizeTimedRoom() in /www/wwwroot/zupeex.in/api/game.php:141
Stack trace:
#0 /www/wwwroot/zupeex.in/api/game.php(97): handleGetGameState()
#1 {main}
  thrown in /www/wwwroot/zupeex.in/api/game.php on line 141
[03-Sep-2026 13:43:55 Asia/Kolkata] PHP Fatal error:  Uncaught Error: Call to undefined function finalizeTimedRoom() in /www/wwwroot/zupeex.in/api/game.php:141
Stack trace:
#0 /www/wwwroot/zupeex.in/api/game.php(97): handleGetGameState()
#1 {main}
  thrown in /www/wwwroot/zupeex.in/api/game.php on line 141
[03-Sep-2026 13:43:57 Asia/Kolkata] PHP Fatal error:  Uncaught Error: Call to undefined function finalizeTimedRoom() in /www/wwwroot/zupeex.in/api/game.php:141
Stack trace:
#0 /www/wwwroot/zupeex.in/api/game.php(97): handleGetGameState()
#1 {main}
  thrown in /www/wwwroot/zupeex.in/api/game.php on line 141
[03-Sep-2026 13:43:57 Asia/Kolkata] PHP Fatal error:  Uncaught Error: Call to undefined function finalizeTimedRoom() in /www/wwwroot/zupeex.in/api/game.php:141
Stack trace:
#0 /www/wwwroot/zupeex.in/api/game.php(97): handleGetGameState()
#1 {main}
  thrown in /www/wwwroot/zupeex.in/api/game.php on line 141
[03-Sep-2026 13:43:58 Asia/Kolkata] PHP Fatal error:  Uncaught Error: Call to undefined function finalizeTimedRoom() in /www/wwwroot/zupeex.in/api/game.php:141
Stack trace:
#0 /www/wwwroot/zupeex.in/api/game.php(97): handleGetGameState()
#1 {main}
  thrown in /www/wwwroot/zupeex.in/api/game.php on line 141
[03-Sep-2026 13:43:59 Asia/Kolkata] PHP Fatal error:  Uncaught Error: Call to undefined function finalizeTimedRoom() in /www/wwwroot/zupeex.in/api/game.php:141
Stack trace:
#0 /www/wwwroot/zupeex.in/api/game.php(97): handleGetGameState()
#1 {main}
  thrown in /www/wwwroot/zupeex.in/api/game.php on line 141
[03-Sep-2026 13:44:00 Asia/Kolkata] PHP Fatal error:  Uncaught Error: Call to undefined function finalizeTimedRoom() in /www/wwwroot/zupeex.in/api/game.php:141
Stack trace:
#0 /www/wwwroot/zupeex.in/api/game.php(97): handleGetGameState()
#1 {main}
  thrown in /www/wwwroot/zupeex.in/api/game.php on line 141
[03-Sep-2026 13:44:01 Asia/Kolkata] PHP Fatal error:  Uncaught Error: Call to undefined function finalizeTimedRoom() in /www/wwwroot/zupeex.in/api/game.php:141
Stack trace:
#0 /www/wwwroot/zupeex.in/api/game.php(97): handleGetGameState()
#1 {main}
  thrown in /www/wwwroot/zupeex.in/api/game.php on line 141
[03-Sep-2026 13:44:02 Asia/Kolkata] PHP Fatal error:  Uncaught Error: Call to undefined function finalizeTimedRoom() in /www/wwwroot/zupeex.in/api/game.php:141
Stack trace:
#0 /www/wwwroot/zupeex.in/api/game.php(97): handleGetGameState()
#1 {main}
  thrown in /www/wwwroot/zupeex.in/api/game.php on line 141
[03-Sep-2026 13:44:03 Asia/Kolkata] PHP Fatal error:  Uncaught Error: Call to undefined function finalizeTimedRoom() in /www/wwwroot/zupeex.in/api/game.php:141
Stack trace:
#0 /www/wwwroot/zupeex.in/api/game.php(97): handleGetGameState()
#1 {main}
  thrown in /www/wwwroot/zupeex.in/api/game.php on line 141
[03-Sep-2026 13:44:05 Asia/Kolkata] PHP Fatal error:  Uncaught Error: Call to undefined function finalizeTimedRoom() in /www/wwwroot/zupeex.in/api/game.php:141
Stack trace:
#0 /www/wwwroot/zupeex.in/api/game.php(97): handleGetGameState()
#1 {main}
  thrown in /www/wwwroot/zupeex.in/api/game.php on line 141
[03-Sep-2026 13:44:05 Asia/Kolkata] PHP Fatal error:  Uncaught Error: Call to undefined function finalizeTimedRoom() in /www/wwwroot/zupeex.in/api/game.php:141
Stack trace:
#0 /www/wwwroot/zupeex.in/api/game.php(97): handleGetGameState()
#1 {main}
  thrown in /www/wwwroot/zupeex.in/api/game.php on line 141
[03-Sep-2026 13:44:07 Asia/Kolkata] PHP Fatal error:  Uncaught Error: Call to undefined function finalizeTimedRoom() in /www/wwwroot/zupeex.in/api/game.php:141
Stack trace:
#0 /www/wwwroot/zupeex.in/api/game.php(97): handleGetGameState()
#1 {main}
  thrown in /www/wwwroot/zupeex.in/api/game.php on line 141
[03-Sep-2026 13:44:07 Asia/Kolkata] PHP Fatal error:  Uncaught Error: Call to undefined function finalizeTimedRoom() in /www/wwwroot/zupeex.in/api/game.php:141
Stack trace:
#0 /www/wwwroot/zupeex.in/api/game.php(97): handleGetGameState()
#1 {main}
  thrown in /www/wwwroot/zupeex.in/api/game.php on line 141
[03-Sep-2026 13:44:08 Asia/Kolkata] PHP Fatal error:  Uncaught Error: Call to undefined function finalizeTimedRoom() in /www/wwwroot/zupeex.in/api/game.php:141
Stack trace:
#0 /www/wwwroot/zupeex.in/api/game.php(97): handleGetGameState()
#1 {main}
  thrown in /www/wwwroot/zupeex.in/api/game.php on line 141
[03-Sep-2026 13:44:09 Asia/Kolkata] PHP Fatal error:  Uncaught Error: Call to undefined function finalizeTimedRoom() in /www/wwwroot/zupeex.in/api/game.php:141
Stack trace:
#0 /www/wwwroot/zupeex.in/api/game.php(97): handleGetGameState()
#1 {main}
  thrown in /www/wwwroot/zupeex.in/api/game.php on line 141
[03-Sep-2026 13:44:10 Asia/Kolkata] PHP Fatal error:  Uncaught Error: Call to undefined function finalizeTimedRoom() in /www/wwwroot/zupeex.in/api/game.php:141
Stack trace:
#0 /www/wwwroot/zupeex.in/api/game.php(97): handleGetGameState()
#1 {main}
  thrown in /www/wwwroot/zupeex.in/api/game.php on line 141
[03-Sep-2026 13:44:11 Asia/Kolkata] PHP Fatal error:  Uncaught Error: Call to undefined function finalizeTimedRoom() in /www/wwwroot/zupeex.in/api/game.php:141
Stack trace:
#0 /www/wwwroot/zupeex.in/api/game.php(97): handleGetGameState()
#1 {main}
  thrown in /www/wwwroot/zupeex.in/api/game.php on line 141
[03-Sep-2026 13:44:13 Asia/Kolkata] PHP Fatal error:  Uncaught Error: Call to undefined function finalizeTimedRoom() in /www/wwwroot/zupeex.in/api/game.php:141
Stack trace:
#0 /www/wwwroot/zupeex.in/api/game.php(97): handleGetGameState()
#1 {main}
  thrown in /www/wwwroot/zupeex.in/api/game.php on line 141
[03-Sep-2026 13:44:13 Asia/Kolkata] PHP Fatal error:  Uncaught Error: Call to undefined function finalizeTimedRoom() in /www/wwwroot/zupeex.in/api/game.php:141
Stack trace:
#0 /www/wwwroot/zupeex.in/api/game.php(97): handleGetGameState()
#1 {main}
  thrown in /www/wwwroot/zupeex.in/api/game.php on line 141
[03-Sep-2026 13:44:14 Asia/Kolkata] PHP Fatal error:  Uncaught Error: Call to undefined function finalizeTimedRoom() in /www/wwwroot/zupeex.in/api/game.php:141
Stack trace:
#0 /www/wwwroot/zupeex.in/api/game.php(97): handleGetGameState()
#1 {main}
  thrown in /www/wwwroot/zupeex.in/api/game.php on line 141
[03-Sep-2026 13:44:15 Asia/Kolkata] PHP Fatal error:  Uncaught Error: Call to undefined function finalizeTimedRoom() in /www/wwwroot/zupeex.in/api/game.php:141
Stack trace:
#0 /www/wwwroot/zupeex.in/api/game.php(97): handleGetGameState()
#1 {main}
  thrown in /www/wwwroot/zupeex.in/api/game.php on line 141
[03-Sep-2026 13:44:16 Asia/Kolkata] PHP Fatal error:  Uncaught Error: Call to undefined function finalizeTimedRoom() in /www/wwwroot/zupeex.in/api/game.php:141
Stack trace:
#0 /www/wwwroot/zupeex.in/api/game.php(97): handleGetGameState()
#1 {main}
  thrown in /www/wwwroot/zupeex.in/api/game.php on line 141
[03-Sep-2026 13:44:17 Asia/Kolkata] PHP Fatal error:  Uncaught Error: Call to undefined function finalizeTimedRoom() in /www/wwwroot/zupeex.in/api/game.php:141
Stack trace:
#0 /www/wwwroot/zupeex.in/api/game.php(97): handleGetGameState()
#1 {main}
  thrown in /www/wwwroot/zupeex.in/api/game.php on line 141
[03-Sep-2026 13:44:18 Asia/Kolkata] PHP Fatal error:  Uncaught Error: Call to undefined function finalizeTimedRoom() in /www/wwwroot/zupeex.in/api/game.php:141
Stack trace:
#0 /www/wwwroot/zupeex.in/api/game.php(97): handleGetGameState()
#1 {main}
  thrown in /www/wwwroot/zupeex.in/api/game.php on line 141
[03-Sep-2026 13:44:19 Asia/Kolkata] PHP Fatal error:  Uncaught Error: Call to undefined function finalizeTimedRoom() in /www/wwwroot/zupeex.in/api/game.php:141
Stack trace:
#0 /www/wwwroot/zupeex.in/api/game.php(97): handleGetGameState()
#1 {main}
  thrown in /www/wwwroot/zupeex.in/api/game.php on line 141
[03-Sep-2026 13:44:20 Asia/Kolkata] PHP Fatal error:  Uncaught Error: Call to undefined function finalizeTimedRoom() in /www/wwwroot/zupeex.in/api/game.php:141
Stack trace:
#0 /www/wwwroot/zupeex.in/api/game.php(97): handleGetGameState()
#1 {main}
  thrown in /www/wwwroot/zupeex.in/api/game.php on line 141
[03-Sep-2026 13:44:21 Asia/Kolkata] PHP Fatal error:  Uncaught Error: Call to undefined function finalizeTimedRoom() in /www/wwwroot/zupeex.in/api/game.php:141
Stack trace:
#0 /www/wwwroot/zupeex.in/api/game.php(97): handleGetGameState()
#1 {main}
  thrown in /www/wwwroot/zupeex.in/api/game.php on line 141
[03-Sep-2026 13:44:23 Asia/Kolkata] PHP Fatal error:  Uncaught Error: Call to undefined function finalizeTimedRoom() in /www/wwwroot/zupeex.in/api/game.php:141
Stack trace:
#0 /www/wwwroot/zupeex.in/api/game.php(97): handleGetGameState()
#1 {main}
  thrown in /www/wwwroot/zupeex.in/api/game.php on line 141
[03-Sep-2026 13:44:23 Asia/Kolkata] PHP Fatal error:  Uncaught Error: Call to undefined function finalizeTimedRoom() in /www/wwwroot/zupeex.in/api/game.php:141
Stack trace:
#0 /www/wwwroot/zupeex.in/api/game.php(97): handleGetGameState()
#1 {main}
  thrown in /www/wwwroot/zupeex.in/api/game.php on line 141
[03-Sep-2026 13:44:24 Asia/Kolkata] PHP Fatal error:  Uncaught Error: Call to undefined function finalizeTimedRoom() in /www/wwwroot/zupeex.in/api/game.php:141
Stack trace:
#0 /www/wwwroot/zupeex.in/api/game.php(97): handleGetGameState()
#1 {main}
  thrown in /www/wwwroot/zupeex.in/api/game.php on line 141
[03-Sep-2026 13:44:25 Asia/Kolkata] PHP Fatal error:  Uncaught Error: Call to undefined function finalizeTimedRoom() in /www/wwwroot/zupeex.in/api/game.php:141
Stack trace:
#0 /www/wwwroot/zupeex.in/api/game.php(97): handleGetGameState()
#1 {main}
  thrown in /www/wwwroot/zupeex.in/api/game.php on line 141
[03-Sep-2026 13:44:26 Asia/Kolkata] PHP Fatal error:  Uncaught Error: Call to undefined function finalizeTimedRoom() in /www/wwwroot/zupeex.in/api/game.php:141
Stack trace:
#0 /www/wwwroot/zupeex.in/api/game.php(97): handleGetGameState()
#1 {main}
  thrown in /www/wwwroot/zupeex.in/api/game.php on line 141
[03-Sep-2026 13:44:27 Asia/Kolkata] PHP Fatal error:  Uncaught Error: Call to undefined function finalizeTimedRoom() in /www/wwwroot/zupeex.in/api/game.php:141
Stack trace:
#0 /www/wwwroot/zupeex.in/api/game.php(97): handleGetGameState()
#1 {main}
  thrown in /www/wwwroot/zupeex.in/api/game.php on line 141
[03-Sep-2026 13:44:28 Asia/Kolkata] PHP Fatal error:  Uncaught Error: Call to undefined function finalizeTimedRoom() in /www/wwwroot/zupeex.in/api/game.php:141
Stack trace:
#0 /www/wwwroot/zupeex.in/api/game.php(97): handleGetGameState()
#1 {main}
  thrown in /www/wwwroot/zupeex.in/api/game.php on line 141
[03-Sep-2026 13:44:29 Asia/Kolkata] PHP Fatal error:  Uncaught Error: Call to undefined function finalizeTimedRoom() in /www/wwwroot/zupeex.in/api/game.php:141
Stack trace:
#0 /www/wwwroot/zupeex.in/api/game.php(97): handleGetGameState()
#1 {main}
  thrown in /www/wwwroot/zupeex.in/api/game.php on line 141
[03-Sep-2026 13:44:30 Asia/Kolkata] PHP Fatal error:  Uncaught Error: Call to undefined function finalizeTimedRoom() in /www/wwwroot/zupeex.in/api/game.php:141
Stack trace:
#0 /www/wwwroot/zupeex.in/api/game.php(97): handleGetGameState()
#1 {main}
  thrown in /www/wwwroot/zupeex.in/api/game.php on line 141
[03-Sep-2026 13:44:31 Asia/Kolkata] PHP Fatal error:  Uncaught Error: Call to undefined function finalizeTimedRoom() in /www/wwwroot/zupeex.in/api/game.php:141
Stack trace:
#0 /www/wwwroot/zupeex.in/api/game.php(97): handleGetGameState()
#1 {main}
  thrown in /www/wwwroot/zupeex.in/api/game.php on line 141
[03-Sep-2026 13:44:32 Asia/Kolkata] PHP Fatal error:  Uncaught Error: Call to undefined function finalizeTimedRoom() in /www/wwwroot/zupeex.in/api/game.php:141
Stack trace:
#0 /www/wwwroot/zupeex.in/api/game.php(97): handleGetGameState()
#1 {main}
  thrown in /www/wwwroot/zupeex.in/api/game.php on line 141
[03-Sep-2026 13:44:33 Asia/Kolkata] PHP Fatal error:  Uncaught Error: Call to undefined function finalizeTimedRoom() in /www/wwwroot/zupeex.in/api/game.php:141
Stack trace:
#0 /www/wwwroot/zupeex.in/api/game.php(97): handleGetGameState()
#1 {main}
  thrown in /www/wwwroot/zupeex.in/api/game.php on line 141
[03-Sep-2026 13:44:34 Asia/Kolkata] PHP Fatal error:  Uncaught Error: Call to undefined function finalizeTimedRoom() in /www/wwwroot/zupeex.in/api/game.php:141
Stack trace:
#0 /www/wwwroot/zupeex.in/api/game.php(97): handleGetGameState()
#1 {main}
  thrown in /www/wwwroot/zupeex.in/api/game.php on line 141
[03-Sep-2026 13:44:35 Asia/Kolkata] PHP Fatal error:  Uncaught Error: Call to undefined function finalizeTimedRoom() in /www/wwwroot/zupeex.in/api/game.php:141
Stack trace:
#0 /www/wwwroot/zupeex.in/api/game.php(97): handleGetGameState()
#1 {main}
  thrown in /www/wwwroot/zupeex.in/api/game.php on line 141
[03-Sep-2026 13:44:36 Asia/Kolkata] PHP Fatal error:  Uncaught Error: Call to undefined function finalizeTimedRoom() in /www/wwwroot/zupeex.in/api/game.php:141
Stack trace:
#0 /www/wwwroot/zupeex.in/api/game.php(97): handleGetGameState()
#1 {main}
  thrown in /www/wwwroot/zupeex.in/api/game.php on line 141
[03-Sep-2026 13:44:38 Asia/Kolkata] PHP Fatal error:  Uncaught Error: Call to undefined function finalizeTimedRoom() in /www/wwwroot/zupeex.in/api/game.php:141
Stack trace:
#0 /www/wwwroot/zupeex.in/api/game.php(97): handleGetGameState()
#1 {main}
  thrown in /www/wwwroot/zupeex.in/api/game.php on line 141
[03-Sep-2026 13:44:40 Asia/Kolkata] PHP Fatal error:  Uncaught Error: Call to undefined function finalizeTimedRoom() in /www/wwwroot/zupeex.in/api/game.php:141
Stack trace:
#0 /www/wwwroot/zupeex.in/api/game.php(97): handleGetGameState()
#1 {main}
  thrown in /www/wwwroot/zupeex.in/api/game.php on line 141
[03-Sep-2026 13:44:44 Asia/Kolkata] PHP Fatal error:  Uncaught Error: Call to undefined function finalizeTimedRoom() in /www/wwwroot/zupeex.in/api/game.php:141
Stack trace:
#0 /www/wwwroot/zupeex.in/api/game.php(97): handleGetGameState()
#1 {main}
  thrown in /www/wwwroot/zupeex.in/api/game.php on line 141
[03-Sep-2026 13:44:46 Asia/Kolkata] PHP Fatal error:  Uncaught Error: Call to undefined function finalizeTimedRoom() in /www/wwwroot/zupeex.in/api/game.php:141
Stack trace:
#0 /www/wwwroot/zupeex.in/api/game.php(97): handleGetGameState()
#1 {main}
  thrown in /www/wwwroot/zupeex.in/api/game.php on line 141
[03-Sep-2026 13:44:48 Asia/Kolkata] PHP Fatal error:  Uncaught Error: Call to undefined function finalizeTimedRoom() in /www/wwwroot/zupeex.in/api/game.php:141
Stack trace:
#0 /www/wwwroot/zupeex.in/api/game.php(97): handleGetGameState()
#1 {main}
  thrown in /www/wwwroot/zupeex.in/api/game.php on line 141
[03-Sep-2026 13:44:50 Asia/Kolkata] PHP Fatal error:  Uncaught Error: Call to undefined function finalizeTimedRoom() in /www/wwwroot/zupeex.in/api/game.php:141
Stack trace:
#0 /www/wwwroot/zupeex.in/api/game.php(97): handleGetGameState()
#1 {main}
  thrown in /www/wwwroot/zupeex.in/api/game.php on line 141
[03-Sep-2026 13:44:50 Asia/Kolkata] PHP Fatal error:  Uncaught Error: Call to undefined function finalizeTimedRoom() in /www/wwwroot/zupeex.in/api/game.php:141
Stack trace:
#0 /www/wwwroot/zupeex.in/api/game.php(97): handleGetGameState()
#1 {main}
  thrown in /www/wwwroot/zupeex.in/api/game.php on line 141
[03-Sep-2026 13:44:52 Asia/Kolkata] PHP Fatal error:  Uncaught Error: Call to undefined function finalizeTimedRoom() in /www/wwwroot/zupeex.in/api/game.php:141
Stack trace:
#0 /www/wwwroot/zupeex.in/api/game.php(97): handleGetGameState()
#1 {main}
  thrown in /www/wwwroot/zupeex.in/api/game.php on line 141
[03-Sep-2026 13:44:53 Asia/Kolkata] PHP Fatal error:  Uncaught Error: Call to undefined function finalizeTimedRoom() in /www/wwwroot/zupeex.in/api/game.php:141
Stack trace:
#0 /www/wwwroot/zupeex.in/api/game.php(97): handleGetGameState()
#1 {main}
  thrown in /www/wwwroot/zupeex.in/api/game.php on line 141
[03-Sep-2026 13:44:54 Asia/Kolkata] PHP Fatal error:  Uncaught Error: Call to undefined function finalizeTimedRoom() in /www/wwwroot/zupeex.in/api/game.php:141
Stack trace:
#0 /www/wwwroot/zupeex.in/api/game.php(97): handleGetGameState()
#1 {main}
  thrown in /www/wwwroot/zupeex.in/api/game.php on line 141
[03-Sep-2026 13:44:55 Asia/Kolkata] PHP Fatal error:  Uncaught Error: Call to undefined function finalizeTimedRoom() in /www/wwwroot/zupeex.in/api/game.php:141
Stack trace:
#0 /www/wwwroot/zupeex.in/api/game.php(97): handleGetGameState()
#1 {main}
  thrown in /www/wwwroot/zupeex.in/api/game.php on line 141
[03-Sep-2026 13:44:56 Asia/Kolkata] PHP Fatal error:  Uncaught Error: Call to undefined function finalizeTimedRoom() in /www/wwwroot/zupeex.in/api/game.php:141
Stack trace:
#0 /www/wwwroot/zupeex.in/api/game.php(97): handleGetGameState()
#1 {main}
  thrown in /www/wwwroot/zupeex.in/api/game.php on line 141
[03-Sep-2026 13:44:57 Asia/Kolkata] PHP Fatal error:  Uncaught Error: Call to undefined function finalizeTimedRoom() in /www/wwwroot/zupeex.in/api/game.php:141
Stack trace:
#0 /www/wwwroot/zupeex.in/api/game.php(97): handleGetGameState()
#1 {main}
  thrown in /www/wwwroot/zupeex.in/api/game.php on line 141
[03-Sep-2026 13:44:58 Asia/Kolkata] PHP Fatal error:  Uncaught Error: Call to undefined function finalizeTimedRoom() in /www/wwwroot/zupeex.in/api/game.php:141
Stack trace:
#0 /www/wwwroot/zupeex.in/api/game.php(97): handleGetGameState()
#1 {main}
  thrown in /www/wwwroot/zupeex.in/api/game.php on line 141
[03-Sep-2026 13:44:59 Asia/Kolkata] PHP Fatal error:  Uncaught Error: Call to undefined function finalizeTimedRoom() in /www/wwwroot/zupeex.in/api/game.php:141
Stack trace:
#0 /www/wwwroot/zupeex.in/api/game.php(97): handleGetGameState()
#1 {main}
  thrown in /www/wwwroot/zupeex.in/api/game.php on line 141
[03-Sep-2026 13:45:00 Asia/Kolkata] PHP Fatal error:  Uncaught Error: Call to undefined function finalizeTimedRoom() in /www/wwwroot/zupeex.in/api/game.php:141
Stack trace:
#0 /www/wwwroot/zupeex.in/api/game.php(97): handleGetGameState()
#1 {main}
  thrown in /www/wwwroot/zupeex.in/api/game.php on line 141
[03-Sep-2026 13:45:01 Asia/Kolkata] PHP Fatal error:  Uncaught Error: Call to undefined function finalizeTimedRoom() in /www/wwwroot/zupeex.in/api/game.php:141
Stack trace:
#0 /www/wwwroot/zupeex.in/api/game.php(97): handleGetGameState()
#1 {main}
  thrown in /www/wwwroot/zupeex.in/api/game.php on line 141
[03-Sep-2026 13:45:02 Asia/Kolkata] PHP Fatal error:  Uncaught Error: Call to undefined function finalizeTimedRoom() in /www/wwwroot/zupeex.in/api/game.php:141
Stack trace:
#0 /www/wwwroot/zupeex.in/api/game.php(97): handleGetGameState()
#1 {main}
  thrown in /www/wwwroot/zupeex.in/api/game.php on line 141
[03-Sep-2026 13:45:03 Asia/Kolkata] PHP Fatal error:  Uncaught Error: Call to undefined function finalizeTimedRoom() in /www/wwwroot/zupeex.in/api/game.php:141
Stack trace:
#0 /www/wwwroot/zupeex.in/api/game.php(97): handleGetGameState()
#1 {main}
  thrown in /www/wwwroot/zupeex.in/api/game.php on line 141
[03-Sep-2026 13:45:04 Asia/Kolkata] PHP Fatal error:  Uncaught Error: Call to undefined function finalizeTimedRoom() in /www/wwwroot/zupeex.in/api/game.php:141
Stack trace:
#0 /www/wwwroot/zupeex.in/api/game.php(97): handleGetGameState()
#1 {main}
  thrown in /www/wwwroot/zupeex.in/api/game.php on line 141
[03-Sep-2026 13:45:05 Asia/Kolkata] PHP Fatal error:  Uncaught Error: Call to undefined function finalizeTimedRoom() in /www/wwwroot/zupeex.in/api/game.php:141
Stack trace:
#0 /www/wwwroot/zupeex.in/api/game.php(97): handleGetGameState()
#1 {main}
  thrown in /www/wwwroot/zupeex.in/api/game.php on line 141
[03-Sep-2026 13:45:39 Asia/Kolkata] PHP Fatal error:  Uncaught Error: Call to undefined function finalizeTimedRoom() in /www/wwwroot/zupeex.in/api/game.php:141
Stack trace:
#0 /www/wwwroot/zupeex.in/api/game.php(97): handleGetGameState()
#1 {main}
  thrown in /www/wwwroot/zupeex.in/api/game.php on line 141
[03-Sep-2026 13:46:58 Asia/Kolkata] PHP Fatal error:  Uncaught Error: Call to undefined function finalizeTimedRoom() in /www/wwwroot/zupeex.in/api/game.php:141
Stack trace:
#0 /www/wwwroot/zupeex.in/api/game.php(97): handleGetGameState()
#1 {main}
  thrown in /www/wwwroot/zupeex.in/api/game.php on line 141
[03-Sep-2026 13:46:59 Asia/Kolkata] PHP Fatal error:  Uncaught Error: Call to undefined function finalizeTimedRoom() in /www/wwwroot/zupeex.in/api/game.php:141
Stack trace:
#0 /www/wwwroot/zupeex.in/api/game.php(97): handleGetGameState()
#1 {main}
  thrown in /www/wwwroot/zupeex.in/api/game.php on line 141
[03-Sep-2026 13:47:00 Asia/Kolkata] PHP Fatal error:  Uncaught Error: Call to undefined function finalizeTimedRoom() in /www/wwwroot/zupeex.in/api/game.php:141
Stack trace:
#0 /www/wwwroot/zupeex.in/api/game.php(97): handleGetGameState()
#1 {main}
  thrown in /www/wwwroot/zupeex.in/api/game.php on line 141
[03-Sep-2026 13:47:01 Asia/Kolkata] PHP Fatal error:  Uncaught Error: Call to undefined function finalizeTimedRoom() in /www/wwwroot/zupeex.in/api/game.php:141
Stack trace:
#0 /www/wwwroot/zupeex.in/api/game.php(97): handleGetGameState()
#1 {main}
  thrown in /www/wwwroot/zupeex.in/api/game.php on line 141
[03-Sep-2026 13:47:02 Asia/Kolkata] PHP Fatal error:  Uncaught Error: Call to undefined function finalizeTimedRoom() in /www/wwwroot/zupeex.in/api/game.php:141
Stack trace:
#0 /www/wwwroot/zupeex.in/api/game.php(97): handleGetGameState()
#1 {main}
  thrown in /www/wwwroot/zupeex.in/api/game.php on line 141
[03-Sep-2026 13:47:03 Asia/Kolkata] PHP Fatal error:  Uncaught Error: Call to undefined function finalizeTimedRoom() in /www/wwwroot/zupeex.in/api/game.php:141
Stack trace:
#0 /www/wwwroot/zupeex.in/api/game.php(97): handleGetGameState()
#1 {main}
  thrown in /www/wwwroot/zupeex.in/api/game.php on line 141
[03-Sep-2026 13:47:04 Asia/Kolkata] PHP Fatal error:  Uncaught Error: Call to undefined function finalizeTimedRoom() in /www/wwwroot/zupeex.in/api/game.php:141
Stack trace:
#0 /www/wwwroot/zupeex.in/api/game.php(97): handleGetGameState()
#1 {main}
  thrown in /www/wwwroot/zupeex.in/api/game.php on line 141
[03-Sep-2026 13:47:05 Asia/Kolkata] PHP Fatal error:  Uncaught Error: Call to undefined function finalizeTimedRoom() in /www/wwwroot/zupeex.in/api/game.php:141
Stack trace:
#0 /www/wwwroot/zupeex.in/api/game.php(97): handleGetGameState()
#1 {main}
  thrown in /www/wwwroot/zupeex.in/api/game.php on line 141
[03-Sep-2026 13:47:06 Asia/Kolkata] PHP Fatal error:  Uncaught Error: Call to undefined function finalizeTimedRoom() in /www/wwwroot/zupeex.in/api/game.php:141
Stack trace:
#0 /www/wwwroot/zupeex.in/api/game.php(97): handleGetGameState()
#1 {main}
  thrown in /www/wwwroot/zupeex.in/api/game.php on line 141
[03-Sep-2026 13:47:07 Asia/Kolkata] PHP Fatal error:  Uncaught Error: Call to undefined function finalizeTimedRoom() in /www/wwwroot/zupeex.in/api/game.php:141
Stack trace:
#0 /www/wwwroot/zupeex.in/api/game.php(97): handleGetGameState()
#1 {main}
  thrown in /www/wwwroot/zupeex.in/api/game.php on line 141
[03-Sep-2026 13:47:08 Asia/Kolkata] PHP Fatal error:  Uncaught Error: Call to undefined function finalizeTimedRoom() in /www/wwwroot/zupeex.in/api/game.php:141
Stack trace:
#0 /www/wwwroot/zupeex.in/api/game.php(97): handleGetGameState()
#1 {main}
  thrown in /www/wwwroot/zupeex.in/api/game.php on line 141
[03-Sep-2026 13:47:09 Asia/Kolkata] PHP Fatal error:  Uncaught Error: Call to undefined function finalizeTimedRoom() in /www/wwwroot/zupeex.in/api/game.php:141
Stack trace:
#0 /www/wwwroot/zupeex.in/api/game.php(97): handleGetGameState()
#1 {main}
  thrown in /www/wwwroot/zupeex.in/api/game.php on line 141
[03-Sep-2026 13:47:10 Asia/Kolkata] PHP Fatal error:  Uncaught Error: Call to undefined function finalizeTimedRoom() in /www/wwwroot/zupeex.in/api/game.php:141
Stack trace:
#0 /www/wwwroot/zupeex.in/api/game.php(97): handleGetGameState()
#1 {main}
  thrown in /www/wwwroot/zupeex.in/api/game.php on line 141
[03-Sep-2026 13:47:11 Asia/Kolkata] PHP Fatal error:  Uncaught Error: Call to undefined function finalizeTimedRoom() in /www/wwwroot/zupeex.in/api/game.php:141
Stack trace:
#0 /www/wwwroot/zupeex.in/api/game.php(97): handleGetGameState()
#1 {main}
  thrown in /www/wwwroot/zupeex.in/api/game.php on line 141
[03-Sep-2026 13:47:12 Asia/Kolkata] PHP Fatal error:  Uncaught Error: Call to undefined function finalizeTimedRoom() in /www/wwwroot/zupeex.in/api/game.php:141
Stack trace:
#0 /www/wwwroot/zupeex.in/api/game.php(97): handleGetGameState()
#1 {main}
  thrown in /www/wwwroot/zupeex.in/api/game.php on line 141
[03-Sep-2026 13:47:13 Asia/Kolkata] PHP Fatal error:  Uncaught Error: Call to undefined function finalizeTimedRoom() in /www/wwwroot/zupeex.in/api/game.php:141
Stack trace:
#0 /www/wwwroot/zupeex.in/api/game.php(97): handleGetGameState()
#1 {main}
  thrown in /www/wwwroot/zupeex.in/api/game.php on line 141
[03-Sep-2026 13:47:14 Asia/Kolkata] PHP Fatal error:  Uncaught Error: Call to undefined function finalizeTimedRoom() in /www/wwwroot/zupeex.in/api/game.php:141
Stack trace:
#0 /www/wwwroot/zupeex.in/api/game.php(97): handleGetGameState()
#1 {main}
  thrown in /www/wwwroot/zupeex.in/api/game.php on line 141
[03-Sep-2026 13:47:15 Asia/Kolkata] PHP Fatal error:  Uncaught Error: Call to undefined function finalizeTimedRoom() in /www/wwwroot/zupeex.in/api/game.php:141
Stack trace:
#0 /www/wwwroot/zupeex.in/api/game.php(97): handleGetGameState()
#1 {main}
  thrown in /www/wwwroot/zupeex.in/api/game.php on line 141
[03-Sep-2026 13:47:16 Asia/Kolkata] PHP Fatal error:  Uncaught Error: Call to undefined function finalizeTimedRoom() in /www/wwwroot/zupeex.in/api/game.php:141
Stack trace:
#0 /www/wwwroot/zupeex.in/api/game.php(97): handleGetGameState()
#1 {main}
  thrown in /www/wwwroot/zupeex.in/api/game.php on line 141
[03-Sep-2026 13:47:17 Asia/Kolkata] PHP Fatal error:  Uncaught Error: Call to undefined function finalizeTimedRoom() in /www/wwwroot/zupeex.in/api/game.php:141
Stack trace:
#0 /www/wwwroot/zupeex.in/api/game.php(97): handleGetGameState()
#1 {main}
  thrown in /www/wwwroot/zupeex.in/api/game.php on line 141
[03-Sep-2026 13:47:18 Asia/Kolkata] PHP Fatal error:  Uncaught Error: Call to undefined function finalizeTimedRoom() in /www/wwwroot/zupeex.in/api/game.php:141
Stack trace:
#0 /www/wwwroot/zupeex.in/api/game.php(97): handleGetGameState()
#1 {main}
  thrown in /www/wwwroot/zupeex.in/api/game.php on line 141
[03-Sep-2026 13:47:19 Asia/Kolkata] PHP Fatal error:  Uncaught Error: Call to undefined function finalizeTimedRoom() in /www/wwwroot/zupeex.in/api/game.php:141
Stack trace:
#0 /www/wwwroot/zupeex.in/api/game.php(97): handleGetGameState()
#1 {main}
  thrown in /www/wwwroot/zupeex.in/api/game.php on line 141
[03-Sep-2026 13:47:20 Asia/Kolkata] PHP Fatal error:  Uncaught Error: Call to undefined function finalizeTimedRoom() in /www/wwwroot/zupeex.in/api/game.php:141
Stack trace:
#0 /www/wwwroot/zupeex.in/api/game.php(97): handleGetGameState()
#1 {main}
  thrown in /www/wwwroot/zupeex.in/api/game.php on line 141
[03-Sep-2026 13:47:21 Asia/Kolkata] PHP Fatal error:  Uncaught Error: Call to undefined function finalizeTimedRoom() in /www/wwwroot/zupeex.in/api/game.php:141
Stack trace:
#0 /www/wwwroot/zupeex.in/api/game.php(97): handleGetGameState()
#1 {main}
  thrown in /www/wwwroot/zupeex.in/api/game.php on line 141
[03-Sep-2026 13:47:22 Asia/Kolkata] PHP Fatal error:  Uncaught Error: Call to undefined function finalizeTimedRoom() in /www/wwwroot/zupeex.in/api/game.php:141
Stack trace:
#0 /www/wwwroot/zupeex.in/api/game.php(97): handleGetGameState()
#1 {main}
  thrown in /www/wwwroot/zupeex.in/api/game.php on line 141
[03-Sep-2026 13:47:23 Asia/Kolkata] PHP Fatal error:  Uncaught Error: Call to undefined function finalizeTimedRoom() in /www/wwwroot/zupeex.in/api/game.php:141
Stack trace:
#0 /www/wwwroot/zupeex.in/api/game.php(97): handleGetGameState()
#1 {main}
  thrown in /www/wwwroot/zupeex.in/api/game.php on line 141
[03-Sep-2026 13:47:24 Asia/Kolkata] PHP Fatal error:  Uncaught Error: Call to undefined function finalizeTimedRoom() in /www/wwwroot/zupeex.in/api/game.php:141
Stack trace:
#0 /www/wwwroot/zupeex.in/api/game.php(97): handleGetGameState()
#1 {main}
  thrown in /www/wwwroot/zupeex.in/api/game.php on line 141
[03-Sep-2026 13:47:25 Asia/Kolkata] PHP Fatal error:  Uncaught Error: Call to undefined function finalizeTimedRoom() in /www/wwwroot/zupeex.in/api/game.php:141
Stack trace:
#0 /www/wwwroot/zupeex.in/api/game.php(97): handleGetGameState()
#1 {main}
  thrown in /www/wwwroot/zupeex.in/api/game.php on line 141
[03-Sep-2026 13:47:26 Asia/Kolkata] PHP Fatal error:  Uncaught Error: Call to undefined function finalizeTimedRoom() in /www/wwwroot/zupeex.in/api/game.php:141
Stack trace:
#0 /www/wwwroot/zupeex.in/api/game.php(97): handleGetGameState()
#1 {main}
  thrown in /www/wwwroot/zupeex.in/api/game.php on line 141
[03-Sep-2026 13:47:27 Asia/Kolkata] PHP Fatal error:  Uncaught Error: Call to undefined function finalizeTimedRoom() in /www/wwwroot/zupeex.in/api/game.php:141
Stack trace:
#0 /www/wwwroot/zupeex.in/api/game.php(97): handleGetGameState()
#1 {main}
  thrown in /www/wwwroot/zupeex.in/api/game.php on line 141
[03-Sep-2026 13:47:28 Asia/Kolkata] PHP Fatal error:  Uncaught Error: Call to undefined function finalizeTimedRoom() in /www/wwwroot/zupeex.in/api/game.php:141
Stack trace:
#0 /www/wwwroot/zupeex.in/api/game.php(97): handleGetGameState()
#1 {main}
  thrown in /www/wwwroot/zupeex.in/api/game.php on line 141
[03-Sep-2026 13:47:30 Asia/Kolkata] PHP Fatal error:  Uncaught Error: Call to undefined function finalizeTimedRoom() in /www/wwwroot/zupeex.in/api/game.php:141
Stack trace:
#0 /www/wwwroot/zupeex.in/api/game.php(97): handleGetGameState()
#1 {main}
  thrown in /www/wwwroot/zupeex.in/api/game.php on line 141
[03-Sep-2026 13:47:32 Asia/Kolkata] PHP Fatal error:  Uncaught Error: Call to undefined function finalizeTimedRoom() in /www/wwwroot/zupeex.in/api/game.php:141
Stack trace:
#0 /www/wwwroot/zupeex.in/api/game.php(97): handleGetGameState()
#1 {main}
  thrown in /www/wwwroot/zupeex.in/api/game.php on line 141
[03-Sep-2026 13:47:34 Asia/Kolkata] PHP Fatal error:  Uncaught Error: Call to undefined function finalizeTimedRoom() in /www/wwwroot/zupeex.in/api/game.php:141
Stack trace:
#0 /www/wwwroot/zupeex.in/api/game.php(97): handleGetGameState()
#1 {main}
  thrown in /www/wwwroot/zupeex.in/api/game.php on line 141
[03-Sep-2026 13:47:36 Asia/Kolkata] PHP Fatal error:  Uncaught Error: Call to undefined function finalizeTimedRoom() in /www/wwwroot/zupeex.in/api/game.php:141
Stack trace:
#0 /www/wwwroot/zupeex.in/api/game.php(97): handleGetGameState()
#1 {main}
  thrown in /www/wwwroot/zupeex.in/api/game.php on line 141
[03-Sep-2026 13:47:38 Asia/Kolkata] PHP Fatal error:  Uncaught Error: Call to undefined function finalizeTimedRoom() in /www/wwwroot/zupeex.in/api/game.php:141
Stack trace:
#0 /www/wwwroot/zupeex.in/api/game.php(97): handleGetGameState()
#1 {main}
  thrown in /www/wwwroot/zupeex.in/api/game.php on line 141
[03-Sep-2026 13:47:48 Asia/Kolkata] PHP Fatal error:  Uncaught Error: Call to undefined function finalizeTimedRoom() in /www/wwwroot/zupeex.in/api/game.php:141
Stack trace:
#0 /www/wwwroot/zupeex.in/api/game.php(97): handleGetGameState()
#1 {main}
  thrown in /www/wwwroot/zupeex.in/api/game.php on line 141
[03-Sep-2026 13:47:51 Asia/Kolkata] PHP Fatal error:  Uncaught Error: Call to undefined function finalizeTimedRoom() in /www/wwwroot/zupeex.in/api/game.php:141
Stack trace:
#0 /www/wwwroot/zupeex.in/api/game.php(97): handleGetGameState()
#1 {main}
  thrown in /www/wwwroot/zupeex.in/api/game.php on line 141
[03-Sep-2026 13:47:53 Asia/Kolkata] PHP Fatal error:  Uncaught Error: Call to undefined function finalizeTimedRoom() in /www/wwwroot/zupeex.in/api/game.php:141
Stack trace:
#0 /www/wwwroot/zupeex.in/api/game.php(97): handleGetGameState()
#1 {main}
  thrown in /www/wwwroot/zupeex.in/api/game.php on line 141
[03-Sep-2026 13:47:55 Asia/Kolkata] PHP Fatal error:  Uncaught Error: Call to undefined function finalizeTimedRoom() in /www/wwwroot/zupeex.in/api/game.php:141
Stack trace:
#0 /www/wwwroot/zupeex.in/api/game.php(97): handleGetGameState()
#1 {main}
  thrown in /www/wwwroot/zupeex.in/api/game.php on line 141
[03-Sep-2026 13:47:57 Asia/Kolkata] PHP Fatal error:  Uncaught Error: Call to undefined function finalizeTimedRoom() in /www/wwwroot/zupeex.in/api/game.php:141
Stack trace:
#0 /www/wwwroot/zupeex.in/api/game.php(97): handleGetGameState()
#1 {main}
  thrown in /www/wwwroot/zupeex.in/api/game.php on line 141
[03-Sep-2026 13:47:59 Asia/Kolkata] PHP Fatal error:  Uncaught Error: Call to undefined function finalizeTimedRoom() in /www/wwwroot/zupeex.in/api/game.php:141
Stack trace:
#0 /www/wwwroot/zupeex.in/api/game.php(97): handleGetGameState()
#1 {main}
  thrown in /www/wwwroot/zupeex.in/api/game.php on line 141
[03-Sep-2026 13:48:01 Asia/Kolkata] PHP Fatal error:  Uncaught Error: Call to undefined function finalizeTimedRoom() in /www/wwwroot/zupeex.in/api/game.php:141
Stack trace:
#0 /www/wwwroot/zupeex.in/api/game.php(97): handleGetGameState()
#1 {main}
  thrown in /www/wwwroot/zupeex.in/api/game.php on line 141
[03-Sep-2026 13:48:03 Asia/Kolkata] PHP Fatal error:  Uncaught Error: Call to undefined function finalizeTimedRoom() in /www/wwwroot/zupeex.in/api/game.php:141
Stack trace:
#0 /www/wwwroot/zupeex.in/api/game.php(97): handleGetGameState()
#1 {main}
  thrown in /www/wwwroot/zupeex.in/api/game.php on line 141
[03-Sep-2026 13:48:05 Asia/Kolkata] PHP Fatal error:  Uncaught Error: Call to undefined function finalizeTimedRoom() in /www/wwwroot/zupeex.in/api/game.php:141
Stack trace:
#0 /www/wwwroot/zupeex.in/api/game.php(97): handleGetGameState()
#1 {main}
  thrown in /www/wwwroot/zupeex.in/api/game.php on line 141
[03-Sep-2026 13:48:07 Asia/Kolkata] PHP Fatal error:  Uncaught Error: Call to undefined function finalizeTimedRoom() in /www/wwwroot/zupeex.in/api/game.php:141
Stack trace:
#0 /www/wwwroot/zupeex.in/api/game.php(97): handleGetGameState()
#1 {main}
  thrown in /www/wwwroot/zupeex.in/api/game.php on line 141
[03-Sep-2026 13:48:09 Asia/Kolkata] PHP Fatal error:  Uncaught Error: Call to undefined function finalizeTimedRoom() in /www/wwwroot/zupeex.in/api/game.php:141
Stack trace:
#0 /www/wwwroot/zupeex.in/api/game.php(97): handleGetGameState()
#1 {main}
  thrown in /www/wwwroot/zupeex.in/api/game.php on line 141
[03-Sep-2026 13:48:11 Asia/Kolkata] PHP Fatal error:  Uncaught Error: Call to undefined function finalizeTimedRoom() in /www/wwwroot/zupeex.in/api/game.php:141
Stack trace:
#0 /www/wwwroot/zupeex.in/api/game.php(97): handleGetGameState()
#1 {main}
  thrown in /www/wwwroot/zupeex.in/api/game.php on line 141
[03-Sep-2026 13:48:13 Asia/Kolkata] PHP Fatal error:  Uncaught Error: Call to undefined function finalizeTimedRoom() in /www/wwwroot/zupeex.in/api/game.php:141
Stack trace:
#0 /www/wwwroot/zupeex.in/api/game.php(97): handleGetGameState()
#1 {main}
  thrown in /www/wwwroot/zupeex.in/api/game.php on line 141
[03-Sep-2026 13:48:15 Asia/Kolkata] PHP Fatal error:  Uncaught Error: Call to undefined function finalizeTimedRoom() in /www/wwwroot/zupeex.in/api/game.php:141
Stack trace:
#0 /www/wwwroot/zupeex.in/api/game.php(97): handleGetGameState()
#1 {main}
  thrown in /www/wwwroot/zupeex.in/api/game.php on line 141
[03-Sep-2026 13:48:17 Asia/Kolkata] PHP Fatal error:  Uncaught Error: Call to undefined function finalizeTimedRoom() in /www/wwwroot/zupeex.in/api/game.php:141
Stack trace:
#0 /www/wwwroot/zupeex.in/api/game.php(97): handleGetGameState()
#1 {main}
  thrown in /www/wwwroot/zupeex.in/api/game.php on line 141
[03-Sep-2026 13:48:19 Asia/Kolkata] PHP Fatal error:  Uncaught Error: Call to undefined function finalizeTimedRoom() in /www/wwwroot/zupeex.in/api/game.php:141
Stack trace:
#0 /www/wwwroot/zupeex.in/api/game.php(97): handleGetGameState()
#1 {main}
  thrown in /www/wwwroot/zupeex.in/api/game.php on line 141
[03-Sep-2026 13:48:21 Asia/Kolkata] PHP Fatal error:  Uncaught Error: Call to undefined function finalizeTimedRoom() in /www/wwwroot/zupeex.in/api/game.php:141
Stack trace:
#0 /www/wwwroot/zupeex.in/api/game.php(97): handleGetGameState()
#1 {main}
  thrown in /www/wwwroot/zupeex.in/api/game.php on line 141
[03-Sep-2026 13:48:23 Asia/Kolkata] PHP Fatal error:  Uncaught Error: Call to undefined function finalizeTimedRoom() in /www/wwwroot/zupeex.in/api/game.php:141
Stack trace:
#0 /www/wwwroot/zupeex.in/api/game.php(97): handleGetGameState()
#1 {main}
  thrown in /www/wwwroot/zupeex.in/api/game.php on line 141
[03-Sep-2026 13:48:25 Asia/Kolkata] PHP Fatal error:  Uncaught Error: Call to undefined function finalizeTimedRoom() in /www/wwwroot/zupeex.in/api/game.php:141
Stack trace:
#0 /www/wwwroot/zupeex.in/api/game.php(97): handleGetGameState()
#1 {main}
  thrown in /www/wwwroot/zupeex.in/api/game.php on line 141
[03-Sep-2026 13:48:27 Asia/Kolkata] PHP Fatal error:  Uncaught Error: Call to undefined function finalizeTimedRoom() in /www/wwwroot/zupeex.in/api/game.php:141
Stack trace:
#0 /www/wwwroot/zupeex.in/api/game.php(97): handleGetGameState()
#1 {main}
  thrown in /www/wwwroot/zupeex.in/api/game.php on line 141
[03-Sep-2026 13:48:29 Asia/Kolkata] PHP Fatal error:  Uncaught Error: Call to undefined function finalizeTimedRoom() in /www/wwwroot/zupeex.in/api/game.php:141
Stack trace:
#0 /www/wwwroot/zupeex.in/api/game.php(97): handleGetGameState()
#1 {main}
  thrown in /www/wwwroot/zupeex.in/api/game.php on line 141
[03-Sep-2026 13:48:29 Asia/Kolkata] PHP Fatal error:  Uncaught Error: Call to undefined function finalizeTimedRoom() in /www/wwwroot/zupeex.in/api/game.php:141
Stack trace:
#0 /www/wwwroot/zupeex.in/api/game.php(97): handleGetGameState()
#1 {main}
  thrown in /www/wwwroot/zupeex.in/api/game.php on line 141
[03-Sep-2026 13:48:31 Asia/Kolkata] PHP Fatal error:  Uncaught Error: Call to undefined function finalizeTimedRoom() in /www/wwwroot/zupeex.in/api/game.php:141
Stack trace:
#0 /www/wwwroot/zupeex.in/api/game.php(97): handleGetGameState()
#1 {main}
  thrown in /www/wwwroot/zupeex.in/api/game.php on line 141
[03-Sep-2026 13:48:32 Asia/Kolkata] PHP Fatal error:  Uncaught Error: Call to undefined function finalizeTimedRoom() in /www/wwwroot/zupeex.in/api/game.php:141
Stack trace:
#0 /www/wwwroot/zupeex.in/api/game.php(97): handleGetGameState()
#1 {main}
  thrown in /www/wwwroot/zupeex.in/api/game.php on line 141
[03-Sep-2026 13:48:33 Asia/Kolkata] PHP Fatal error:  Uncaught Error: Call to undefined function finalizeTimedRoom() in /www/wwwroot/zupeex.in/api/game.php:141
Stack trace:
#0 /www/wwwroot/zupeex.in/api/game.php(97): handleGetGameState()
#1 {main}
  thrown in /www/wwwroot/zupeex.in/api/game.php on line 141
[03-Sep-2026 13:48:34 Asia/Kolkata] PHP Fatal error:  Uncaught Error: Call to undefined function finalizeTimedRoom() in /www/wwwroot/zupeex.in/api/game.php:141
Stack trace:
#0 /www/wwwroot/zupeex.in/api/game.php(97): handleGetGameState()
#1 {main}
  thrown in /www/wwwroot/zupeex.in/api/game.php on line 141
[03-Sep-2026 13:48:35 Asia/Kolkata] PHP Fatal error:  Uncaught Error: Call to undefined function finalizeTimedRoom() in /www/wwwroot/zupeex.in/api/game.php:141
Stack trace:
#0 /www/wwwroot/zupeex.in/api/game.php(97): handleGetGameState()
#1 {main}
  thrown in /www/wwwroot/zupeex.in/api/game.php on line 141
[03-Sep-2026 13:48:36 Asia/Kolkata] PHP Fatal error:  Uncaught Error: Call to undefined function finalizeTimedRoom() in /www/wwwroot/zupeex.in/api/game.php:141
Stack trace:
#0 /www/wwwroot/zupeex.in/api/game.php(97): handleGetGameState()
#1 {main}
  thrown in /www/wwwroot/zupeex.in/api/game.php on line 141
[03-Sep-2026 13:48:37 Asia/Kolkata] PHP Fatal error:  Uncaught Error: Call to undefined function finalizeTimedRoom() in /www/wwwroot/zupeex.in/api/game.php:141
Stack trace:
#0 /www/wwwroot/zupeex.in/api/game.php(97): handleGetGameState()
#1 {main}
  thrown in /www/wwwroot/zupeex.in/api/game.php on line 141
[03-Sep-2026 13:48:38 Asia/Kolkata] PHP Fatal error:  Uncaught Error: Call to undefined function finalizeTimedRoom() in /www/wwwroot/zupeex.in/api/game.php:141
Stack trace:
#0 /www/wwwroot/zupeex.in/api/game.php(97): handleGetGameState()
#1 {main}
  thrown in /www/wwwroot/zupeex.in/api/game.php on line 141
[03-Sep-2026 13:48:39 Asia/Kolkata] PHP Fatal error:  Uncaught Error: Call to undefined function finalizeTimedRoom() in /www/wwwroot/zupeex.in/api/game.php:141
Stack trace:
#0 /www/wwwroot/zupeex.in/api/game.php(97): handleGetGameState()
#1 {main}
  thrown in /www/wwwroot/zupeex.in/api/game.php on line 141
[03-Sep-2026 13:48:40 Asia/Kolkata] PHP Fatal error:  Uncaught Error: Call to undefined function finalizeTimedRoom() in /www/wwwroot/zupeex.in/api/game.php:141
Stack trace:
#0 /www/wwwroot/zupeex.in/api/game.php(97): handleGetGameState()
#1 {main}
  thrown in /www/wwwroot/zupeex.in/api/game.php on line 141
[03-Sep-2026 13:48:41 Asia/Kolkata] PHP Fatal error:  Uncaught Error: Call to undefined function finalizeTimedRoom() in /www/wwwroot/zupeex.in/api/game.php:141
Stack trace:
#0 /www/wwwroot/zupeex.in/api/game.php(97): handleGetGameState()
#1 {main}
  thrown in /www/wwwroot/zupeex.in/api/game.php on line 141
[03-Sep-2026 13:48:42 Asia/Kolkata] PHP Fatal error:  Uncaught Error: Call to undefined function finalizeTimedRoom() in /www/wwwroot/zupeex.in/api/game.php:141
Stack trace:
#0 /www/wwwroot/zupeex.in/api/game.php(97): handleGetGameState()
#1 {main}
  thrown in /www/wwwroot/zupeex.in/api/game.php on line 141
[03-Sep-2026 13:48:43 Asia/Kolkata] PHP Fatal error:  Uncaught Error: Call to undefined function finalizeTimedRoom() in /www/wwwroot/zupeex.in/api/game.php:141
Stack trace:
#0 /www/wwwroot/zupeex.in/api/game.php(97): handleGetGameState()
#1 {main}
  thrown in /www/wwwroot/zupeex.in/api/game.php on line 141
[03-Sep-2026 13:48:44 Asia/Kolkata] PHP Fatal error:  Uncaught Error: Call to undefined function finalizeTimedRoom() in /www/wwwroot/zupeex.in/api/game.php:141
Stack trace:
#0 /www/wwwroot/zupeex.in/api/game.php(97): handleGetGameState()
#1 {main}
  thrown in /www/wwwroot/zupeex.in/api/game.php on line 141
[03-Sep-2026 13:48:45 Asia/Kolkata] PHP Fatal error:  Uncaught Error: Call to undefined function finalizeTimedRoom() in /www/wwwroot/zupeex.in/api/game.php:141
Stack trace:
#0 /www/wwwroot/zupeex.in/api/game.php(97): handleGetGameState()
#1 {main}
  thrown in /www/wwwroot/zupeex.in/api/game.php on line 141
[03-Sep-2026 13:48:47 Asia/Kolkata] PHP Fatal error:  Uncaught Error: Call to undefined function finalizeTimedRoom() in /www/wwwroot/zupeex.in/api/game.php:141
Stack trace:
#0 /www/wwwroot/zupeex.in/api/game.php(97): handleGetGameState()
#1 {main}
  thrown in /www/wwwroot/zupeex.in/api/game.php on line 141
[03-Sep-2026 13:48:49 Asia/Kolkata] PHP Fatal error:  Uncaught Error: Call to undefined function finalizeTimedRoom() in /www/wwwroot/zupeex.in/api/game.php:141
Stack trace:
#0 /www/wwwroot/zupeex.in/api/game.php(97): handleGetGameState()
#1 {main}
  thrown in /www/wwwroot/zupeex.in/api/game.php on line 141
[03-Sep-2026 13:48:51 Asia/Kolkata] PHP Fatal error:  Uncaught Error: Call to undefined function finalizeTimedRoom() in /www/wwwroot/zupeex.in/api/game.php:141
Stack trace:
#0 /www/wwwroot/zupeex.in/api/game.php(97): handleGetGameState()
#1 {main}
  thrown in /www/wwwroot/zupeex.in/api/game.php on line 141
[03-Sep-2026 13:48:53 Asia/Kolkata] PHP Fatal error:  Uncaught Error: Call to undefined function finalizeTimedRoom() in /www/wwwroot/zupeex.in/api/game.php:141
Stack trace:
#0 /www/wwwroot/zupeex.in/api/game.php(97): handleGetGameState()
#1 {main}
  thrown in /www/wwwroot/zupeex.in/api/game.php on line 141
[03-Sep-2026 13:48:55 Asia/Kolkata] PHP Fatal error:  Uncaught Error: Call to undefined function finalizeTimedRoom() in /www/wwwroot/zupeex.in/api/game.php:141
Stack trace:
#0 /www/wwwroot/zupeex.in/api/game.php(97): handleGetGameState()
#1 {main}
  thrown in /www/wwwroot/zupeex.in/api/game.php on line 141
[03-Sep-2026 13:48:57 Asia/Kolkata] PHP Fatal error:  Uncaught Error: Call to undefined function finalizeTimedRoom() in /www/wwwroot/zupeex.in/api/game.php:141
Stack trace:
#0 /www/wwwroot/zupeex.in/api/game.php(97): handleGetGameState()
#1 {main}
  thrown in /www/wwwroot/zupeex.in/api/game.php on line 141
[03-Sep-2026 13:48:59 Asia/Kolkata] PHP Fatal error:  Uncaught Error: Call to undefined function finalizeTimedRoom() in /www/wwwroot/zupeex.in/api/game.php:141
Stack trace:
#0 /www/wwwroot/zupeex.in/api/game.php(97): handleGetGameState()
#1 {main}
  thrown in /www/wwwroot/zupeex.in/api/game.php on line 141
[03-Sep-2026 13:49:01 Asia/Kolkata] PHP Fatal error:  Uncaught Error: Call to undefined function finalizeTimedRoom() in /www/wwwroot/zupeex.in/api/game.php:141
Stack trace:
#0 /www/wwwroot/zupeex.in/api/game.php(97): handleGetGameState()
#1 {main}
  thrown in /www/wwwroot/zupeex.in/api/game.php on line 141
[03-Sep-2026 13:49:03 Asia/Kolkata] PHP Fatal error:  Uncaught Error: Call to undefined function finalizeTimedRoom() in /www/wwwroot/zupeex.in/api/game.php:141
Stack trace:
#0 /www/wwwroot/zupeex.in/api/game.php(97): handleGetGameState()
#1 {main}
  thrown in /www/wwwroot/zupeex.in/api/game.php on line 141
[03-Sep-2026 13:49:05 Asia/Kolkata] PHP Fatal error:  Uncaught Error: Call to undefined function finalizeTimedRoom() in /www/wwwroot/zupeex.in/api/game.php:141
Stack trace:
#0 /www/wwwroot/zupeex.in/api/game.php(97): handleGetGameState()
#1 {main}
  thrown in /www/wwwroot/zupeex.in/api/game.php on line 141
[03-Sep-2026 13:49:12 Asia/Kolkata] PHP Fatal error:  Uncaught Error: Call to undefined function finalizeTimedRoom() in /www/wwwroot/zupeex.in/api/game.php:141
Stack trace:
#0 /www/wwwroot/zupeex.in/api/game.php(97): handleGetGameState()
#1 {main}
  thrown in /www/wwwroot/zupeex.in/api/game.php on line 141
[03-Sep-2026 13:49:12 Asia/Kolkata] PHP Fatal error:  Uncaught Error: Call to undefined function finalizeTimedRoom() in /www/wwwroot/zupeex.in/api/game.php:141
Stack trace:
#0 /www/wwwroot/zupeex.in/api/game.php(97): handleGetGameState()
#1 {main}
  thrown in /www/wwwroot/zupeex.in/api/game.php on line 141
[03-Sep-2026 13:49:13 Asia/Kolkata] PHP Fatal error:  Uncaught Error: Call to undefined function finalizeTimedRoom() in /www/wwwroot/zupeex.in/api/game.php:141
Stack trace:
#0 /www/wwwroot/zupeex.in/api/game.php(97): handleGetGameState()
#1 {main}
  thrown in /www/wwwroot/zupeex.in/api/game.php on line 141
[03-Sep-2026 13:49:14 Asia/Kolkata] PHP Fatal error:  Uncaught Error: Call to undefined function finalizeTimedRoom() in /www/wwwroot/zupeex.in/api/game.php:141
Stack trace:
#0 /www/wwwroot/zupeex.in/api/game.php(97): handleGetGameState()
#1 {main}
  thrown in /www/wwwroot/zupeex.in/api/game.php on line 141
[03-Sep-2026 13:49:15 Asia/Kolkata] PHP Fatal error:  Uncaught Error: Call to undefined function finalizeTimedRoom() in /www/wwwroot/zupeex.in/api/game.php:141
Stack trace:
#0 /www/wwwroot/zupeex.in/api/game.php(97): handleGetGameState()
#1 {main}
  thrown in /www/wwwroot/zupeex.in/api/game.php on line 141
[03-Sep-2026 13:49:16 Asia/Kolkata] PHP Fatal error:  Uncaught Error: Call to undefined function finalizeTimedRoom() in /www/wwwroot/zupeex.in/api/game.php:141
Stack trace:
#0 /www/wwwroot/zupeex.in/api/game.php(97): handleGetGameState()
#1 {main}
  thrown in /www/wwwroot/zupeex.in/api/game.php on line 141
[03-Sep-2026 13:49:17 Asia/Kolkata] PHP Fatal error:  Uncaught Error: Call to undefined function finalizeTimedRoom() in /www/wwwroot/zupeex.in/api/game.php:141
Stack trace:
#0 /www/wwwroot/zupeex.in/api/game.php(97): handleGetGameState()
#1 {main}
  thrown in /www/wwwroot/zupeex.in/api/game.php on line 141
[03-Sep-2026 13:49:18 Asia/Kolkata] PHP Fatal error:  Uncaught Error: Call to undefined function finalizeTimedRoom() in /www/wwwroot/zupeex.in/api/game.php:141
Stack trace:
#0 /www/wwwroot/zupeex.in/api/game.php(97): handleGetGameState()
#1 {main}
  thrown in /www/wwwroot/zupeex.in/api/game.php on line 141
[03-Sep-2026 13:49:19 Asia/Kolkata] PHP Fatal error:  Uncaught Error: Call to undefined function finalizeTimedRoom() in /www/wwwroot/zupeex.in/api/game.php:141
Stack trace:
#0 /www/wwwroot/zupeex.in/api/game.php(97): handleGetGameState()
#1 {main}
  thrown in /www/wwwroot/zupeex.in/api/game.php on line 141
[03-Sep-2026 13:49:20 Asia/Kolkata] PHP Fatal error:  Uncaught Error: Call to undefined function finalizeTimedRoom() in /www/wwwroot/zupeex.in/api/game.php:141
Stack trace:
#0 /www/wwwroot/zupeex.in/api/game.php(97): handleGetGameState()
#1 {main}
  thrown in /www/wwwroot/zupeex.in/api/game.php on line 141
[03-Sep-2026 13:49:21 Asia/Kolkata] PHP Fatal error:  Uncaught Error: Call to undefined function finalizeTimedRoom() in /www/wwwroot/zupeex.in/api/game.php:141
Stack trace:
#0 /www/wwwroot/zupeex.in/api/game.php(97): handleGetGameState()
#1 {main}
  thrown in /www/wwwroot/zupeex.in/api/game.php on line 141
[03-Sep-2026 13:49:22 Asia/Kolkata] PHP Fatal error:  Uncaught Error: Call to undefined function finalizeTimedRoom() in /www/wwwroot/zupeex.in/api/game.php:141
Stack trace:
#0 /www/wwwroot/zupeex.in/api/game.php(97): handleGetGameState()
#1 {main}
  thrown in /www/wwwroot/zupeex.in/api/game.php on line 141
[03-Sep-2026 13:49:23 Asia/Kolkata] PHP Fatal error:  Uncaught Error: Call to undefined function finalizeTimedRoom() in /www/wwwroot/zupeex.in/api/game.php:141
Stack trace:
#0 /www/wwwroot/zupeex.in/api/game.php(97): handleGetGameState()
#1 {main}
  thrown in /www/wwwroot/zupeex.in/api/game.php on line 141
[03-Sep-2026 13:49:25 Asia/Kolkata] PHP Fatal error:  Uncaught Error: Call to undefined function finalizeTimedRoom() in /www/wwwroot/zupeex.in/api/game.php:141
Stack trace:
#0 /www/wwwroot/zupeex.in/api/game.php(97): handleGetGameState()
#1 {main}
  thrown in /www/wwwroot/zupeex.in/api/game.php on line 141
[03-Sep-2026 13:49:25 Asia/Kolkata] PHP Fatal error:  Uncaught Error: Call to undefined function finalizeTimedRoom() in /www/wwwroot/zupeex.in/api/game.php:141
Stack trace:
#0 /www/wwwroot/zupeex.in/api/game.php(97): handleGetGameState()
#1 {main}
  thrown in /www/wwwroot/zupeex.in/api/game.php on line 141
[03-Sep-2026 13:49:27 Asia/Kolkata] PHP Fatal error:  Uncaught Error: Call to undefined function finalizeTimedRoom() in /www/wwwroot/zupeex.in/api/game.php:141
Stack trace:
#0 /www/wwwroot/zupeex.in/api/game.php(97): handleGetGameState()
#1 {main}
  thrown in /www/wwwroot/zupeex.in/api/game.php on line 141
[03-Sep-2026 13:49:27 Asia/Kolkata] PHP Fatal error:  Uncaught Error: Call to undefined function finalizeTimedRoom() in /www/wwwroot/zupeex.in/api/game.php:141
Stack trace:
#0 /www/wwwroot/zupeex.in/api/game.php(97): handleGetGameState()
#1 {main}
  thrown in /www/wwwroot/zupeex.in/api/game.php on line 141
[03-Sep-2026 13:49:28 Asia/Kolkata] PHP Fatal error:  Uncaught Error: Call to undefined function finalizeTimedRoom() in /www/wwwroot/zupeex.in/api/game.php:141
Stack trace:
#0 /www/wwwroot/zupeex.in/api/game.php(97): handleGetGameState()
#1 {main}
  thrown in /www/wwwroot/zupeex.in/api/game.php on line 141
[03-Sep-2026 13:49:29 Asia/Kolkata] PHP Fatal error:  Uncaught Error: Call to undefined function finalizeTimedRoom() in /www/wwwroot/zupeex.in/api/game.php:141
Stack trace:
#0 /www/wwwroot/zupeex.in/api/game.php(97): handleGetGameState()
#1 {main}
  thrown in /www/wwwroot/zupeex.in/api/game.php on line 141
[03-Sep-2026 13:49:30 Asia/Kolkata] PHP Fatal error:  Uncaught Error: Call to undefined function finalizeTimedRoom() in /www/wwwroot/zupeex.in/api/game.php:141
Stack trace:
#0 /www/wwwroot/zupeex.in/api/game.php(97): handleGetGameState()
#1 {main}
  thrown in /www/wwwroot/zupeex.in/api/game.php on line 141
[03-Sep-2026 13:49:31 Asia/Kolkata] PHP Fatal error:  Uncaught Error: Call to undefined function finalizeTimedRoom() in /www/wwwroot/zupeex.in/api/game.php:141
Stack trace:
#0 /www/wwwroot/zupeex.in/api/game.php(97): handleGetGameState()
#1 {main}
  thrown in /www/wwwroot/zupeex.in/api/game.php on line 141
[03-Sep-2026 13:49:32 Asia/Kolkata] PHP Fatal error:  Uncaught Error: Call to undefined function finalizeTimedRoom() in /www/wwwroot/zupeex.in/api/game.php:141
Stack trace:
#0 /www/wwwroot/zupeex.in/api/game.php(97): handleGetGameState()
#1 {main}
  thrown in /www/wwwroot/zupeex.in/api/game.php on line 141
[03-Sep-2026 13:49:33 Asia/Kolkata] PHP Fatal error:  Uncaught Error: Call to undefined function finalizeTimedRoom() in /www/wwwroot/zupeex.in/api/game.php:141
Stack trace:
#0 /www/wwwroot/zupeex.in/api/game.php(97): handleGetGameState()
#1 {main}
  thrown in /www/wwwroot/zupeex.in/api/game.php on line 141
[03-Sep-2026 13:49:34 Asia/Kolkata] PHP Fatal error:  Uncaught Error: Call to undefined function finalizeTimedRoom() in /www/wwwroot/zupeex.in/api/game.php:141
Stack trace:
#0 /www/wwwroot/zupeex.in/api/game.php(97): handleGetGameState()
#1 {main}
  thrown in /www/wwwroot/zupeex.in/api/game.php on line 141
[03-Sep-2026 13:49:35 Asia/Kolkata] PHP Fatal error:  Uncaught Error: Call to undefined function finalizeTimedRoom() in /www/wwwroot/zupeex.in/api/game.php:141
Stack trace:
#0 /www/wwwroot/zupeex.in/api/game.php(97): handleGetGameState()
#1 {main}
  thrown in /www/wwwroot/zupeex.in/api/game.php on line 141
[03-Sep-2026 13:49:37 Asia/Kolkata] PHP Fatal error:  Uncaught Error: Call to undefined function finalizeTimedRoom() in /www/wwwroot/zupeex.in/api/game.php:141
Stack trace:
#0 /www/wwwroot/zupeex.in/api/game.php(97): handleGetGameState()
#1 {main}
  thrown in /www/wwwroot/zupeex.in/api/game.php on line 141
[03-Sep-2026 13:49:39 Asia/Kolkata] PHP Fatal error:  Uncaught Error: Call to undefined function finalizeTimedRoom() in /www/wwwroot/zupeex.in/api/game.php:141
Stack trace:
#0 /www/wwwroot/zupeex.in/api/game.php(97): handleGetGameState()
#1 {main}
  thrown in /www/wwwroot/zupeex.in/api/game.php on line 141
[03-Sep-2026 13:49:39 Asia/Kolkata] PHP Fatal error:  Uncaught Error: Call to undefined function finalizeTimedRoom() in /www/wwwroot/zupeex.in/api/game.php:141
Stack trace:
#0 /www/wwwroot/zupeex.in/api/game.php(97): handleGetGameState()
#1 {main}
  thrown in /www/wwwroot/zupeex.in/api/game.php on line 141
[03-Sep-2026 13:49:40 Asia/Kolkata] PHP Fatal error:  Uncaught Error: Call to undefined function finalizeTimedRoom() in /www/wwwroot/zupeex.in/api/game.php:141
Stack trace:
#0 /www/wwwroot/zupeex.in/api/game.php(97): handleGetGameState()
#1 {main}
  thrown in /www/wwwroot/zupeex.in/api/game.php on line 141
[03-Sep-2026 13:49:41 Asia/Kolkata] PHP Fatal error:  Uncaught Error: Call to undefined function finalizeTimedRoom() in /www/wwwroot/zupeex.in/api/game.php:141
Stack trace:
#0 /www/wwwroot/zupeex.in/api/game.php(97): handleGetGameState()
#1 {main}
  thrown in /www/wwwroot/zupeex.in/api/game.php on line 141
[03-Sep-2026 13:49:42 Asia/Kolkata] PHP Fatal error:  Uncaught Error: Call to undefined function finalizeTimedRoom() in /www/wwwroot/zupeex.in/api/game.php:141
Stack trace:
#0 /www/wwwroot/zupeex.in/api/game.php(97): handleGetGameState()
#1 {main}
  thrown in /www/wwwroot/zupeex.in/api/game.php on line 141
[03-Sep-2026 13:49:43 Asia/Kolkata] PHP Fatal error:  Uncaught Error: Call to undefined function finalizeTimedRoom() in /www/wwwroot/zupeex.in/api/game.php:141
Stack trace:
#0 /www/wwwroot/zupeex.in/api/game.php(97): handleGetGameState()
#1 {main}
  thrown in /www/wwwroot/zupeex.in/api/game.php on line 141
[03-Sep-2026 13:49:44 Asia/Kolkata] PHP Fatal error:  Uncaught Error: Call to undefined function finalizeTimedRoom() in /www/wwwroot/zupeex.in/api/game.php:141
Stack trace:
#0 /www/wwwroot/zupeex.in/api/game.php(97): handleGetGameState()
#1 {main}
  thrown in /www/wwwroot/zupeex.in/api/game.php on line 141
[03-Sep-2026 13:49:45 Asia/Kolkata] PHP Fatal error:  Uncaught Error: Call to undefined function finalizeTimedRoom() in /www/wwwroot/zupeex.in/api/game.php:141
Stack trace:
#0 /www/wwwroot/zupeex.in/api/game.php(97): handleGetGameState()
#1 {main}
  thrown in /www/wwwroot/zupeex.in/api/game.php on line 141
[03-Sep-2026 13:49:46 Asia/Kolkata] PHP Fatal error:  Uncaught Error: Call to undefined function finalizeTimedRoom() in /www/wwwroot/zupeex.in/api/game.php:141
Stack trace:
#0 /www/wwwroot/zupeex.in/api/game.php(97): handleGetGameState()
#1 {main}
  thrown in /www/wwwroot/zupeex.in/api/game.php on line 141
[03-Sep-2026 13:49:47 Asia/Kolkata] PHP Fatal error:  Uncaught Error: Call to undefined function finalizeTimedRoom() in /www/wwwroot/zupeex.in/api/game.php:141
Stack trace:
#0 /www/wwwroot/zupeex.in/api/game.php(97): handleGetGameState()
#1 {main}
  thrown in /www/wwwroot/zupeex.in/api/game.php on line 141
[03-Sep-2026 13:49:48 Asia/Kolkata] PHP Fatal error:  Uncaught Error: Call to undefined function finalizeTimedRoom() in /www/wwwroot/zupeex.in/api/game.php:141
Stack trace:
#0 /www/wwwroot/zupeex.in/api/game.php(97): handleGetGameState()
#1 {main}
  thrown in /www/wwwroot/zupeex.in/api/game.php on line 141
[03-Sep-2026 13:49:49 Asia/Kolkata] PHP Fatal error:  Uncaught Error: Call to undefined function finalizeTimedRoom() in /www/wwwroot/zupeex.in/api/game.php:141
Stack trace:
#0 /www/wwwroot/zupeex.in/api/game.php(97): handleGetGameState()
#1 {main}
  thrown in /www/wwwroot/zupeex.in/api/game.php on line 141
[03-Sep-2026 13:49:50 Asia/Kolkata] PHP Fatal error:  Uncaught Error: Call to undefined function finalizeTimedRoom() in /www/wwwroot/zupeex.in/api/game.php:141
Stack trace:
#0 /www/wwwroot/zupeex.in/api/game.php(97): handleGetGameState()
#1 {main}
  thrown in /www/wwwroot/zupeex.in/api/game.php on line 141
[03-Sep-2026 13:49:51 Asia/Kolkata] PHP Fatal error:  Uncaught Error: Call to undefined function finalizeTimedRoom() in /www/wwwroot/zupeex.in/api/game.php:141
Stack trace:
#0 /www/wwwroot/zupeex.in/api/game.php(97): handleGetGameState()
#1 {main}
  thrown in /www/wwwroot/zupeex.in/api/game.php on line 141
[03-Sep-2026 13:49:52 Asia/Kolkata] PHP Fatal error:  Uncaught Error: Call to undefined function finalizeTimedRoom() in /www/wwwroot/zupeex.in/api/game.php:141
Stack trace:
#0 /www/wwwroot/zupeex.in/api/game.php(97): handleGetGameState()
#1 {main}
  thrown in /www/wwwroot/zupeex.in/api/game.php on line 141
[03-Sep-2026 13:49:53 Asia/Kolkata] PHP Fatal error:  Uncaught Error: Call to undefined function finalizeTimedRoom() in /www/wwwroot/zupeex.in/api/game.php:141
Stack trace:
#0 /www/wwwroot/zupeex.in/api/game.php(97): handleGetGameState()
#1 {main}
  thrown in /www/wwwroot/zupeex.in/api/game.php on line 141
[03-Sep-2026 13:49:54 Asia/Kolkata] PHP Fatal error:  Uncaught Error: Call to undefined function finalizeTimedRoom() in /www/wwwroot/zupeex.in/api/game.php:141
Stack trace:
#0 /www/wwwroot/zupeex.in/api/game.php(97): handleGetGameState()
#1 {main}
  thrown in /www/wwwroot/zupeex.in/api/game.php on line 141
[03-Sep-2026 13:49:55 Asia/Kolkata] PHP Fatal error:  Uncaught Error: Call to undefined function finalizeTimedRoom() in /www/wwwroot/zupeex.in/api/game.php:141
Stack trace:
#0 /www/wwwroot/zupeex.in/api/game.php(97): handleGetGameState()
#1 {main}
  thrown in /www/wwwroot/zupeex.in/api/game.php on line 141
[03-Sep-2026 13:49:57 Asia/Kolkata] PHP Fatal error:  Uncaught Error: Call to undefined function finalizeTimedRoom() in /www/wwwroot/zupeex.in/api/game.php:141
Stack trace:
#0 /www/wwwroot/zupeex.in/api/game.php(97): handleGetGameState()
#1 {main}
  thrown in /www/wwwroot/zupeex.in/api/game.php on line 141
[03-Sep-2026 13:49:57 Asia/Kolkata] PHP Fatal error:  Uncaught Error: Call to undefined function finalizeTimedRoom() in /www/wwwroot/zupeex.in/api/game.php:141
Stack trace:
#0 /www/wwwroot/zupeex.in/api/game.php(97): handleGetGameState()
#1 {main}
  thrown in /www/wwwroot/zupeex.in/api/game.php on line 141
[03-Sep-2026 13:49:59 Asia/Kolkata] PHP Fatal error:  Uncaught Error: Call to undefined function finalizeTimedRoom() in /www/wwwroot/zupeex.in/api/game.php:141
Stack trace:
#0 /www/wwwroot/zupeex.in/api/game.php(97): handleGetGameState()
#1 {main}
  thrown in /www/wwwroot/zupeex.in/api/game.php on line 141
[03-Sep-2026 13:50:01 Asia/Kolkata] PHP Fatal error:  Uncaught Error: Call to undefined function finalizeTimedRoom() in /www/wwwroot/zupeex.in/api/game.php:141
Stack trace:
#0 /www/wwwroot/zupeex.in/api/game.php(97): handleGetGameState()
#1 {main}
  thrown in /www/wwwroot/zupeex.in/api/game.php on line 141
[03-Sep-2026 13:50:03 Asia/Kolkata] PHP Fatal error:  Uncaught Error: Call to undefined function finalizeTimedRoom() in /www/wwwroot/zupeex.in/api/game.php:141
Stack trace:
#0 /www/wwwroot/zupeex.in/api/game.php(97): handleGetGameState()
#1 {main}
  thrown in /www/wwwroot/zupeex.in/api/game.php on line 141
[03-Sep-2026 13:50:05 Asia/Kolkata] PHP Fatal error:  Uncaught Error: Call to undefined function finalizeTimedRoom() in /www/wwwroot/zupeex.in/api/game.php:141
Stack trace:
#0 /www/wwwroot/zupeex.in/api/game.php(97): handleGetGameState()
#1 {main}
  thrown in /www/wwwroot/zupeex.in/api/game.php on line 141
[03-Sep-2026 13:50:07 Asia/Kolkata] PHP Fatal error:  Uncaught Error: Call to undefined function finalizeTimedRoom() in /www/wwwroot/zupeex.in/api/game.php:141
Stack trace:
#0 /www/wwwroot/zupeex.in/api/game.php(97): handleGetGameState()
#1 {main}
  thrown in /www/wwwroot/zupeex.in/api/game.php on line 141
[03-Sep-2026 13:50:10 Asia/Kolkata] PHP Fatal error:  Uncaught Error: Call to undefined function finalizeTimedRoom() in /www/wwwroot/zupeex.in/api/game.php:141
Stack trace:
#0 /www/wwwroot/zupeex.in/api/game.php(97): handleGetGameState()
#1 {main}
  thrown in /www/wwwroot/zupeex.in/api/game.php on line 141
[03-Sep-2026 13:51:08 Asia/Kolkata] PHP Fatal error:  Uncaught Error: Call to undefined function finalizeTimedRoom() in /www/wwwroot/zupeex.in/api/game.php:141
Stack trace:
#0 /www/wwwroot/zupeex.in/api/game.php(97): handleGetGameState()
#1 {main}
  thrown in /www/wwwroot/zupeex.in/api/game.php on line 141
[07-Sep-2026 06:44:32 Asia/Kolkata] PHP Deprecated:  Constant PDO::MYSQL_ATTR_INIT_COMMAND is deprecated since 8.5, use Pdo\Mysql::ATTR_INIT_COMMAND instead in /www/wwwroot/zupeex.in/config/db.php on line 137
[07-Sep-2026 06:44:32 Asia/Kolkata] PHP Deprecated:  Constant PDO::MYSQL_ATTR_USE_BUFFERED_QUERY is deprecated since 8.5, use Pdo\Mysql::ATTR_USE_BUFFERED_QUERY instead in /www/wwwroot/zupeex.in/config/db.php on line 138
[07-Sep-2026 06:44:32 Asia/Kolkata] Database connection failed: SQLSTATE[HY000] [1044] Access denied for user 'ludo_user'@'localhost' to database 'ludo_tournament'
[07-Sep-2026 06:45:09 Asia/Kolkata] PHP Deprecated:  Constant PDO::MYSQL_ATTR_INIT_COMMAND is deprecated since 8.5, use Pdo\Mysql::ATTR_INIT_COMMAND instead in /www/wwwroot/zupeex.in/config/db.php on line 137
[07-Sep-2026 06:45:09 Asia/Kolkata] PHP Deprecated:  Constant PDO::MYSQL_ATTR_USE_BUFFERED_QUERY is deprecated since 8.5, use Pdo\Mysql::ATTR_USE_BUFFERED_QUERY instead in /www/wwwroot/zupeex.in/config/db.php on line 138
[07-Sep-2026 06:45:09 Asia/Kolkata] Database connection failed: SQLSTATE[HY000] [1044] Access denied for user 'ludo_user'@'localhost' to database 'ludo_tournament'
[07-Sep-2026 06:45:35 Asia/Kolkata] PHP Deprecated:  Constant PDO::MYSQL_ATTR_INIT_COMMAND is deprecated since 8.5, use Pdo\Mysql::ATTR_INIT_COMMAND instead in /www/wwwroot/zupeex.in/config/db.php on line 137
[07-Sep-2026 06:45:35 Asia/Kolkata] PHP Deprecated:  Constant PDO::MYSQL_ATTR_USE_BUFFERED_QUERY is deprecated since 8.5, use Pdo\Mysql::ATTR_USE_BUFFERED_QUERY instead in /www/wwwroot/zupeex.in/config/db.php on line 138
[07-Sep-2026 06:45:35 Asia/Kolkata] Database connection failed: SQLSTATE[HY000] [1044] Access denied for user 'ludo_user'@'localhost' to database 'ludo_tournament'
[07-Sep-2026 06:49:58 Asia/Kolkata] PHP Deprecated:  Constant PDO::MYSQL_ATTR_INIT_COMMAND is deprecated since 8.5, use Pdo\Mysql::ATTR_INIT_COMMAND instead in /www/wwwroot/zupeex.in/config/db.php on line 137
[07-Sep-2026 06:49:58 Asia/Kolkata] PHP Deprecated:  Constant PDO::MYSQL_ATTR_USE_BUFFERED_QUERY is deprecated since 8.5, use Pdo\Mysql::ATTR_USE_BUFFERED_QUERY instead in /www/wwwroot/zupeex.in/config/db.php on line 138
[07-Sep-2026 06:50:38 Asia/Kolkata] PHP Deprecated:  Constant PDO::MYSQL_ATTR_INIT_COMMAND is deprecated since 8.5, use Pdo\Mysql::ATTR_INIT_COMMAND instead in /www/wwwroot/zupeex.in/config/db.php on line 137
[07-Sep-2026 06:50:38 Asia/Kolkata] PHP Deprecated:  Constant PDO::MYSQL_ATTR_USE_BUFFERED_QUERY is deprecated since 8.5, use Pdo\Mysql::ATTR_USE_BUFFERED_QUERY instead in /www/wwwroot/zupeex.in/config/db.php on line 138
[07-Sep-2026 06:50:41 Asia/Kolkata] PHP Deprecated:  Constant PDO::MYSQL_ATTR_INIT_COMMAND is deprecated since 8.5, use Pdo\Mysql::ATTR_INIT_COMMAND instead in /www/wwwroot/zupeex.in/config/db.php on line 137
[07-Sep-2026 06:50:41 Asia/Kolkata] PHP Deprecated:  Constant PDO::MYSQL_ATTR_USE_BUFFERED_QUERY is deprecated since 8.5, use Pdo\Mysql::ATTR_USE_BUFFERED_QUERY instead in /www/wwwroot/zupeex.in/config/db.php on line 138
[07-Sep-2026 06:50:55 Asia/Kolkata] PHP Deprecated:  Constant PDO::MYSQL_ATTR_INIT_COMMAND is deprecated since 8.5, use Pdo\Mysql::ATTR_INIT_COMMAND instead in /www/wwwroot/zupeex.in/config/db.php on line 137
[07-Sep-2026 06:50:55 Asia/Kolkata] PHP Deprecated:  Constant PDO::MYSQL_ATTR_USE_BUFFERED_QUERY is deprecated since 8.5, use Pdo\Mysql::ATTR_USE_BUFFERED_QUERY instead in /www/wwwroot/zupeex.in/config/db.php on line 138
[07-Sep-2026 06:51:12 Asia/Kolkata] PHP Deprecated:  Constant PDO::MYSQL_ATTR_INIT_COMMAND is deprecated since 8.5, use Pdo\Mysql::ATTR_INIT_COMMAND instead in /www/wwwroot/zupeex.in/config/db.php on line 137
[07-Sep-2026 06:51:12 Asia/Kolkata] PHP Deprecated:  Constant PDO::MYSQL_ATTR_USE_BUFFERED_QUERY is deprecated since 8.5, use Pdo\Mysql::ATTR_USE_BUFFERED_QUERY instead in /www/wwwroot/zupeex.in/config/db.php on line 138
[07-Sep-2026 06:51:12 Asia/Kolkata] Auth Login PDO error: SQLSTATE[42S22]: Column not found: 1054 Unknown column 'password_hash' in 'field list'
[07-Sep-2026 06:57:39 Asia/Kolkata] PHP Deprecated:  Constant PDO::MYSQL_ATTR_INIT_COMMAND is deprecated since 8.5, use Pdo\Mysql::ATTR_INIT_COMMAND instead in /www/wwwroot/zupeex.in/config/db.php on line 137
[07-Sep-2026 06:57:39 Asia/Kolkata] PHP Deprecated:  Constant PDO::MYSQL_ATTR_USE_BUFFERED_QUERY is deprecated since 8.5, use Pdo\Mysql::ATTR_USE_BUFFERED_QUERY instead in /www/wwwroot/zupeex.in/config/db.php on line 138
[07-Sep-2026 06:57:39 Asia/Kolkata] Database connection failed: SQLSTATE[HY000] [1044] Access denied for user 'ludo_user'@'localhost' to database 'ludo_user'
[07-Sep-2026 06:57:57 Asia/Kolkata] PHP Deprecated:  Constant PDO::MYSQL_ATTR_INIT_COMMAND is deprecated since 8.5, use Pdo\Mysql::ATTR_INIT_COMMAND instead in /www/wwwroot/zupeex.in/config/db.php on line 137
[07-Sep-2026 06:57:57 Asia/Kolkata] PHP Deprecated:  Constant PDO::MYSQL_ATTR_USE_BUFFERED_QUERY is deprecated since 8.5, use Pdo\Mysql::ATTR_USE_BUFFERED_QUERY instead in /www/wwwroot/zupeex.in/config/db.php on line 138
[07-Sep-2026 06:57:57 Asia/Kolkata] Database connection failed: SQLSTATE[HY000] [1044] Access denied for user 'ludo_user'@'localhost' to database 'ludo_user'
[07-Sep-2026 07:06:49 Asia/Kolkata] PHP Deprecated:  Constant PDO::MYSQL_ATTR_INIT_COMMAND is deprecated since 8.5, use Pdo\Mysql::ATTR_INIT_COMMAND instead in /www/wwwroot/zupeex.in/config/db.php on line 137
[07-Sep-2026 07:06:49 Asia/Kolkata] PHP Deprecated:  Constant PDO::MYSQL_ATTR_USE_BUFFERED_QUERY is deprecated since 8.5, use Pdo\Mysql::ATTR_USE_BUFFERED_QUERY instead in /www/wwwroot/zupeex.in/config/db.php on line 138
[07-Sep-2026 07:06:49 Asia/Kolkata] Database connection failed: SQLSTATE[HY000] [1044] Access denied for user 'ludo_user'@'localhost' to database 'ludo_user'
[07-Sep-2026 07:07:06 Asia/Kolkata] PHP Deprecated:  Constant PDO::MYSQL_ATTR_INIT_COMMAND is deprecated since 8.5, use Pdo\Mysql::ATTR_INIT_COMMAND instead in /www/wwwroot/zupeex.in/config/db.php on line 137
[07-Sep-2026 07:07:06 Asia/Kolkata] PHP Deprecated:  Constant PDO::MYSQL_ATTR_USE_BUFFERED_QUERY is deprecated since 8.5, use Pdo\Mysql::ATTR_USE_BUFFERED_QUERY instead in /www/wwwroot/zupeex.in/config/db.php on line 138
[07-Sep-2026 07:07:06 Asia/Kolkata] Database connection failed: SQLSTATE[HY000] [1044] Access denied for user 'ludo_user'@'localhost' to database 'ludo_user'
[07-Sep-2026 07:07:16 Asia/Kolkata] PHP Deprecated:  Constant PDO::MYSQL_ATTR_INIT_COMMAND is deprecated since 8.5, use Pdo\Mysql::ATTR_INIT_COMMAND instead in /www/wwwroot/zupeex.in/config/db.php on line 137
[07-Sep-2026 07:07:16 Asia/Kolkata] PHP Deprecated:  Constant PDO::MYSQL_ATTR_USE_BUFFERED_QUERY is deprecated since 8.5, use Pdo\Mysql::ATTR_USE_BUFFERED_QUERY instead in /www/wwwroot/zupeex.in/config/db.php on line 138
[07-Sep-2026 07:07:16 Asia/Kolkata] Database connection failed: SQLSTATE[HY000] [1044] Access denied for user 'ludo_user'@'localhost' to database 'ludo_user'
[07-Sep-2026 07:36:51 Asia/Kolkata] PHP Deprecated:  Constant PDO::MYSQL_ATTR_INIT_COMMAND is deprecated since 8.5, use Pdo\Mysql::ATTR_INIT_COMMAND instead in /www/wwwroot/zupeex.in/config/db.php on line 137
[07-Sep-2026 07:36:51 Asia/Kolkata] PHP Deprecated:  Constant PDO::MYSQL_ATTR_USE_BUFFERED_QUERY is deprecated since 8.5, use Pdo\Mysql::ATTR_USE_BUFFERED_QUERY instead in /www/wwwroot/zupeex.in/config/db.php on line 138
[07-Sep-2026 07:36:51 Asia/Kolkata] Database connection failed: SQLSTATE[HY000] [1044] Access denied for user 'ludo_user'@'localhost' to database 'ludo_user'
[07-Sep-2026 08:21:07 Asia/Kolkata] PHP Deprecated:  Constant PDO::MYSQL_ATTR_INIT_COMMAND is deprecated since 8.5, use Pdo\Mysql::ATTR_INIT_COMMAND instead in /www/wwwroot/zupeex.in/config/db.php on line 137
[07-Sep-2026 08:21:07 Asia/Kolkata] PHP Deprecated:  Constant PDO::MYSQL_ATTR_USE_BUFFERED_QUERY is deprecated since 8.5, use Pdo\Mysql::ATTR_USE_BUFFERED_QUERY instead in /www/wwwroot/zupeex.in/config/db.php on line 138
[07-Sep-2026 08:21:07 Asia/Kolkata] Database connection failed: SQLSTATE[HY000] [1044] Access denied for user 'ludo_user'@'localhost' to database 'ludo_user'
[07-Sep-2026 09:12:08 Asia/Kolkata] PHP Deprecated:  Constant PDO::MYSQL_ATTR_INIT_COMMAND is deprecated since 8.5, use Pdo\Mysql::ATTR_INIT_COMMAND instead in /www/wwwroot/zupeex.in/config/db.php on line 137
[07-Sep-2026 09:12:08 Asia/Kolkata] PHP Deprecated:  Constant PDO::MYSQL_ATTR_USE_BUFFERED_QUERY is deprecated since 8.5, use Pdo\Mysql::ATTR_USE_BUFFERED_QUERY instead in /www/wwwroot/zupeex.in/config/db.php on line 138
[07-Sep-2026 09:12:08 Asia/Kolkata] Database connection failed: SQLSTATE[HY000] [1044] Access denied for user 'ludo_user'@'localhost' to database 'ludo_user'
[07-Sep-2026 09:12:25 Asia/Kolkata] PHP Deprecated:  Constant PDO::MYSQL_ATTR_INIT_COMMAND is deprecated since 8.5, use Pdo\Mysql::ATTR_INIT_COMMAND instead in /www/wwwroot/zupeex.in/config/db.php on line 137
[07-Sep-2026 09:12:25 Asia/Kolkata] PHP Deprecated:  Constant PDO::MYSQL_ATTR_USE_BUFFERED_QUERY is deprecated since 8.5, use Pdo\Mysql::ATTR_USE_BUFFERED_QUERY instead in /www/wwwroot/zupeex.in/config/db.php on line 138
[07-Sep-2026 09:12:25 Asia/Kolkata] Database connection failed: SQLSTATE[HY000] [1044] Access denied for user 'ludo_user'@'localhost' to database 'ludo_user'
[07-Sep-2026 09:12:45 Asia/Kolkata] PHP Deprecated:  Constant PDO::MYSQL_ATTR_INIT_COMMAND is deprecated since 8.5, use Pdo\Mysql::ATTR_INIT_COMMAND instead in /www/wwwroot/zupeex.in/config/db.php on line 137
[07-Sep-2026 09:12:45 Asia/Kolkata] PHP Deprecated:  Constant PDO::MYSQL_ATTR_USE_BUFFERED_QUERY is deprecated since 8.5, use Pdo\Mysql::ATTR_USE_BUFFERED_QUERY instead in /www/wwwroot/zupeex.in/config/db.php on line 138
[07-Sep-2026 09:12:45 Asia/Kolkata] Database connection failed: SQLSTATE[HY000] [1044] Access denied for user 'ludo_user'@'localhost' to database 'ludo_user'
[07-Sep-2026 09:13:08 Asia/Kolkata] PHP Deprecated:  Constant PDO::MYSQL_ATTR_INIT_COMMAND is deprecated since 8.5, use Pdo\Mysql::ATTR_INIT_COMMAND instead in /www/wwwroot/zupeex.in/config/db.php on line 137
[07-Sep-2026 09:13:08 Asia/Kolkata] PHP Deprecated:  Constant PDO::MYSQL_ATTR_USE_BUFFERED_QUERY is deprecated since 8.5, use Pdo\Mysql::ATTR_USE_BUFFERED_QUERY instead in /www/wwwroot/zupeex.in/config/db.php on line 138
[07-Sep-2026 09:13:08 Asia/Kolkata] Database connection failed: SQLSTATE[HY000] [1044] Access denied for user 'ludo_user'@'localhost' to database 'ludo_user'
[07-Sep-2026 09:14:47 Asia/Kolkata] PHP Deprecated:  Constant PDO::MYSQL_ATTR_INIT_COMMAND is deprecated since 8.5, use Pdo\Mysql::ATTR_INIT_COMMAND instead in /www/wwwroot/zupeex.in/config/db.php on line 137
[07-Sep-2026 09:14:47 Asia/Kolkata] PHP Deprecated:  Constant PDO::MYSQL_ATTR_USE_BUFFERED_QUERY is deprecated since 8.5, use Pdo\Mysql::ATTR_USE_BUFFERED_QUERY instead in /www/wwwroot/zupeex.in/config/db.php on line 138
[07-Sep-2026 09:14:47 Asia/Kolkata] Database connection failed: SQLSTATE[HY000] [1044] Access denied for user 'ludo_user'@'localhost' to database 'ludo_user'
[07-Sep-2026 09:14:51 Asia/Kolkata] PHP Deprecated:  Constant PDO::MYSQL_ATTR_INIT_COMMAND is deprecated since 8.5, use Pdo\Mysql::ATTR_INIT_COMMAND instead in /www/wwwroot/zupeex.in/config/db.php on line 137
[07-Sep-2026 09:14:51 Asia/Kolkata] PHP Deprecated:  Constant PDO::MYSQL_ATTR_USE_BUFFERED_QUERY is deprecated since 8.5, use Pdo\Mysql::ATTR_USE_BUFFERED_QUERY instead in /www/wwwroot/zupeex.in/config/db.php on line 138
[07-Sep-2026 09:14:51 Asia/Kolkata] Database connection failed: SQLSTATE[HY000] [1044] Access denied for user 'ludo_user'@'localhost' to database 'ludo_user'
[07-Sep-2026 09:45:23 Asia/Kolkata] PHP Deprecated:  Constant PDO::MYSQL_ATTR_INIT_COMMAND is deprecated since 8.5, use Pdo\Mysql::ATTR_INIT_COMMAND instead in /www/wwwroot/zupeex.in/config/db.php on line 137
[07-Sep-2026 09:45:23 Asia/Kolkata] PHP Deprecated:  Constant PDO::MYSQL_ATTR_USE_BUFFERED_QUERY is deprecated since 8.5, use Pdo\Mysql::ATTR_USE_BUFFERED_QUERY instead in /www/wwwroot/zupeex.in/config/db.php on line 138
[07-Sep-2026 09:45:23 Asia/Kolkata] Database connection failed: SQLSTATE[HY000] [1044] Access denied for user 'ludo_user'@'localhost' to database 'ludo_user'
[07-Sep-2026 09:45:49 Asia/Kolkata] PHP Deprecated:  Constant PDO::MYSQL_ATTR_INIT_COMMAND is deprecated since 8.5, use Pdo\Mysql::ATTR_INIT_COMMAND instead in /www/wwwroot/zupeex.in/config/db.php on line 137
[07-Sep-2026 09:45:49 Asia/Kolkata] PHP Deprecated:  Constant PDO::MYSQL_ATTR_USE_BUFFERED_QUERY is deprecated since 8.5, use Pdo\Mysql::ATTR_USE_BUFFERED_QUERY instead in /www/wwwroot/zupeex.in/config/db.php on line 138
[07-Sep-2026 09:45:49 Asia/Kolkata] Database connection failed: SQLSTATE[HY000] [1044] Access denied for user 'ludo_user'@'localhost' to database 'ludo_user'
[07-Sep-2026 09:49:56 Asia/Kolkata] PHP Deprecated:  Constant PDO::MYSQL_ATTR_INIT_COMMAND is deprecated since 8.5, use Pdo\Mysql::ATTR_INIT_COMMAND instead in /www/wwwroot/zupeex.in/config/db.php on line 137
[07-Sep-2026 09:49:56 Asia/Kolkata] PHP Deprecated:  Constant PDO::MYSQL_ATTR_USE_BUFFERED_QUERY is deprecated since 8.5, use Pdo\Mysql::ATTR_USE_BUFFERED_QUERY instead in /www/wwwroot/zupeex.in/config/db.php on line 138
[07-Sep-2026 09:49:56 Asia/Kolkata] Database connection failed: SQLSTATE[HY000] [1044] Access denied for user 'ludo_user'@'localhost' to database 'ludo_user'
[07-Sep-2026 09:50:07 Asia/Kolkata] PHP Deprecated:  Constant PDO::MYSQL_ATTR_INIT_COMMAND is deprecated since 8.5, use Pdo\Mysql::ATTR_INIT_COMMAND instead in /www/wwwroot/zupeex.in/config/db.php on line 137
[07-Sep-2026 09:50:07 Asia/Kolkata] PHP Deprecated:  Constant PDO::MYSQL_ATTR_USE_BUFFERED_QUERY is deprecated since 8.5, use Pdo\Mysql::ATTR_USE_BUFFERED_QUERY instead in /www/wwwroot/zupeex.in/config/db.php on line 138
[07-Sep-2026 09:50:07 Asia/Kolkata] Database connection failed: SQLSTATE[HY000] [1044] Access denied for user 'ludo_user'@'localhost' to database 'ludo_user'
[07-Sep-2026 09:50:08 Asia/Kolkata] PHP Deprecated:  Constant PDO::MYSQL_ATTR_INIT_COMMAND is deprecated since 8.5, use Pdo\Mysql::ATTR_INIT_COMMAND instead in /www/wwwroot/zupeex.in/config/db.php on line 137
[07-Sep-2026 09:50:08 Asia/Kolkata] PHP Deprecated:  Constant PDO::MYSQL_ATTR_USE_BUFFERED_QUERY is deprecated since 8.5, use Pdo\Mysql::ATTR_USE_BUFFERED_QUERY instead in /www/wwwroot/zupeex.in/config/db.php on line 138
[07-Sep-2026 09:50:08 Asia/Kolkata] Database connection failed: SQLSTATE[HY000] [1044] Access denied for user 'ludo_user'@'localhost' to database 'ludo_user'
[07-Sep-2026 11:41:03 Asia/Kolkata] PHP Deprecated:  Constant PDO::MYSQL_ATTR_INIT_COMMAND is deprecated since 8.5, use Pdo\Mysql::ATTR_INIT_COMMAND instead in /www/wwwroot/zupeex.in/config/db.php on line 137
[07-Sep-2026 11:41:03 Asia/Kolkata] PHP Deprecated:  Constant PDO::MYSQL_ATTR_USE_BUFFERED_QUERY is deprecated since 8.5, use Pdo\Mysql::ATTR_USE_BUFFERED_QUERY instead in /www/wwwroot/zupeex.in/config/db.php on line 138
[07-Sep-2026 11:41:03 Asia/Kolkata] Database connection failed: SQLSTATE[HY000] [1044] Access denied for user 'ludo_user'@'localhost' to database 'ludo_user'
[07-Sep-2026 13:35:52 Asia/Kolkata] Auth Register PDO error: SQLSTATE[42S22]: Column not found: 1054 Unknown column 'password_hash' in 'field list'
[07-Sep-2026 13:35:56 Asia/Kolkata] Auth Register PDO error: SQLSTATE[42S22]: Column not found: 1054 Unknown column 'password_hash' in 'field list'
[07-Sep-2026 13:36:23 Asia/Kolkata] Auth Register PDO error: SQLSTATE[42S22]: Column not found: 1054 Unknown column 'password_hash' in 'field list'
[07-Sep-2026 13:36:41 Asia/Kolkata] Auth Login PDO error: SQLSTATE[42S22]: Column not found: 1054 Unknown column 'password_hash' in 'field list'
[07-Sep-2026 13:37:07 Asia/Kolkata] Auth Login PDO error: SQLSTATE[42S22]: Column not found: 1054 Unknown column 'password_hash' in 'field list'
[07-Sep-2026 13:37:21 Asia/Kolkata] Auth Register PDO error: SQLSTATE[42S22]: Column not found: 1054 Unknown column 'password_hash' in 'field list'
[07-Sep-2026 13:59:56 Asia/Kolkata] Auth Register PDO error: SQLSTATE[42S22]: Column not found: 1054 Unknown column 'password_hash' in 'field list'
[07-Sep-2026 14:03:28 Asia/Kolkata] Auth Register PDO error: SQLSTATE[42S22]: Column not found: 1054 Unknown column 'password_hash' in 'field list'
[07-Sep-2026 14:03:53 Asia/Kolkata] Auth Register PDO error: SQLSTATE[42S22]: Column not found: 1054 Unknown column 'password_hash' in 'field list'
[07-Sep-2026 14:04:09 Asia/Kolkata] Auth Register PDO error: SQLSTATE[42S22]: Column not found: 1054 Unknown column 'password_hash' in 'field list'
[07-Sep-2026 14:04:15 Asia/Kolkata] Auth Register PDO error: SQLSTATE[42S22]: Column not found: 1054 Unknown column 'password_hash' in 'field list'
[07-Sep-2026 14:13:49 Asia/Kolkata] [Admin Login Error] SQLSTATE[42S22]: Column not found: 1054 Unknown column 'password_hash' in 'field list'
[07-Sep-2026 14:24:14 Asia/Kolkata] [Admin Login Error] SQLSTATE[42S22]: Column not found: 1054 Unknown column 'password_hash' in 'field list'
[08-Sep-2026 19:57:38 Asia/Kolkata] [finalizeTimedRoom] SQLSTATE[HY093]: Invalid parameter number
[10-Sep-2026 19:20:13 Asia/Kolkata] [finalizeTicketPayout] SQLSTATE[HY093]: Invalid parameter number
[10-Sep-2026 19:26:36 Asia/Kolkata] [finalizeTicketPayout] SQLSTATE[HY093]: Invalid parameter number
